typeId,typeName,portID,portName,portType
1,ADD,10,IN1,I
1,ADD,20,IN2,I
1,ADD,20000,QUALITY,I
1,ADD,1000,OUT,O
1,ADD,1010,TRBL_AL,O
2,SUB,10,IN1,I
2,SUB,20,IN2,I
2,SUB,20000,QUALITY,I
2,SUB,1000,OUT,O
2,SUB,1010,TRBL_AL,O
3,MULTIPLY,10,IN1,I
3,MULTIPLY,20,IN2,I
3,MULTIPLY,20000,QUALITY,I
3,MULTIPLY,1000,OUT,O
3,MULTIPLY,1010,TRBL_AL,O
4,DIV,10,IN1,I
4,DIV,20,IN2,I
4,DIV,20000,QUALITY,I
4,DIV,1000,OUT,O
4,DIV,1010,TRBL_AL,O
5,EXP,10,IN,I
5,EXP,20000,QUALITY,I
5,EXP,1000,OUT,O
5,EXP,1010,TRBL_AL,O
6,LN,10,IN,I
6,LN,20000,QUALITY,I
6,LN,1000,OUT,O
6,LN,1010,TRBL_AL,O
7,NROOT,10,IN,I
7,NROOT,20,N,I
7,NROOT,20000,QUALITY,I
7,NROOT,1000,OUT,O
7,NROOT,1010,TRBL_AL,O
8,MAX,10,IN1,I
8,MAX,20,IN2,I
8,MAX,20000,QUALITY,I
8,MAX,1000,MAX,O
8,MAX,1010,MAX1,O
8,MAX,1020,MAX2,O
9,MIN,10,IN1,I
9,MIN,20,IN2,I
9,MIN,20000,QUALITY,I
9,MIN,1000,MIN,O
9,MIN,1010,MIN1,O
9,MIN,1020,MIN2,O
10,MINMAX,10,IN,I
10,MINMAX,20,MAX,I
10,MINMAX,30,MIN,I
10,MINMAX,20000,QUALITY,I
10,MINMAX,1000,OUT,O
10,MINMAX,1010,OUT_MAX,O
10,MINMAX,1020,OUT_MIN,O
11,POLY,10,IN,I
11,POLY,20,N_BP,I
11,POLY,30,X1,I
11,POLY,40,Y1,I
11,POLY,50,X2,I
11,POLY,60,Y2,I
11,POLY,70,X3,I
11,POLY,80,Y3,I
11,POLY,90,X4,I
11,POLY,100,Y4,I
11,POLY,110,X5,I
11,POLY,120,Y5,I
11,POLY,130,X6,I
11,POLY,140,Y6,I
11,POLY,150,X7,I
11,POLY,160,Y7,I
11,POLY,170,X8,I
11,POLY,180,Y8,I
11,POLY,190,X9,I
11,POLY,200,Y9,I
11,POLY,210,X10,I
11,POLY,220,Y10,I
11,POLY,230,X11,I
11,POLY,240,Y11,I
11,POLY,250,X12,I
11,POLY,260,Y12,I
11,POLY,270,X13,I
11,POLY,280,Y13,I
11,POLY,290,X14,I
11,POLY,300,Y14,I
11,POLY,310,X15,I
11,POLY,320,Y15,I
11,POLY,330,X16,I
11,POLY,340,Y16,I
11,POLY,350,X17,I
11,POLY,360,Y17,I
11,POLY,370,X18,I
11,POLY,380,Y18,I
11,POLY,390,X19,I
11,POLY,400,Y19,I
11,POLY,410,X20,I
11,POLY,420,Y20,I
11,POLY,20000,QUALITY,I
11,POLY,1000,OUT,O
11,POLY,1010,TRBL_AL,O
12,POWER,10,X,I
12,POWER,20,Y,I
12,POWER,20000,QUALITY,I
12,POWER,1000,OUT,O
12,POWER,1010,TRBL_AL,O
13,MONIT,10,IN,I
13,MONIT,20,LV,I
13,MONIT,30,DB,I
13,MONIT,40,HI_LOW,I
13,MONIT,20000,QUALITY,I
13,MONIT,1000,Q,O
13,MONIT,1010,Q_N,O
13,MONIT,1020,QA,O
14,AXFR,10,NO,I
14,AXFR,20,YES,I
14,AXFR,30,SEL,I
14,AXFR,20000,QUALITY,I
14,AXFR,1000,OUT,O
15,ABS,10,IN,I
15,ABS,20000,QUALITY,I
15,ABS,1000,OUT,O
16,AVER,10,IN1,I
16,AVER,20,IN2,I
16,AVER,30,IN3,I
16,AVER,40,IN4,I
16,AVER,20000,QUALITY,I
16,AVER,1000,OUT,O
16,AVER,1010,TRBL_AL,O
16,AVER,1020,Q_AL,O
18,DB,10,IN,I
18,DB,20,DB,I
18,DB,20000,QUALITY,I
18,DB,1000,OUT,O
18,DB,1010,TRBL_AL,O
19,DERIV,10,IN,I
19,DERIV,20,TD,I
19,DERIV,30,T1,I
19,DERIV,40,UL,I
19,DERIV,50,LL,I
19,DERIV,60,RES,I
19,DERIV,20000,QUALITY,I
19,DERIV,1000,OUT,O
19,DERIV,1010,OUT_UL,O
19,DERIV,1020,OUT_LL,O
19,DERIV,1030,TRBL_AL,O
20,INT,20,IN,I
20,INT,30,TN,I
20,INT,40,UL,I
20,INT,50,LL,I
20,INT,10,TRACKV,I
20,INT,60,C_TRACK,I
20,INT,70,EN_INC,I
20,INT,80,EN_DEC,I
20,INT,20000,QUALITY,I
20,INT,1000,OUT,O
20,INT,1010,OUT_UL,O
20,INT,1020,OUT_LL,O
20,INT,1030,TRBL_AL,O
21,PT1,10,IN,I
21,PT1,20,T1,I
21,PT1,30,D_OFF,I
21,PT1,20000,QUALITY,I
21,PT1,1000,OUT,O
21,PT1,1010,TRBL_AL,O
22,RAXFR,10,NO,I
22,RAXFR,20,YES,I
22,RAXFR,30,SEL,I
22,RAXFR,40,RR_NO,I
22,RAXFR,50,RR_YES,I
22,RAXFR,70,BASE,I
22,RAXFR,60,ALV,I
22,RAXFR,20000,QUALITY,I
22,RAXFR,1000,OUT,O
25,ASIG,10,IN,I
25,ASIG,1000,OUT,O
26,COMP,10,IN1,I
26,COMP,20,IN2,I
26,COMP,20000,QUALITY,I
26,COMP,1000,Q_G,O
26,COMP,1010,Q_E,O
26,COMP,1020,Q_L,O
27,CONV,10,IN,I
27,CONV,40,EU_IN,I
27,CONV,20,X1,I
27,CONV,30,Y1,I
27,CONV,50,X2,I
27,CONV,60,Y2,I
27,CONV,70,EU_OUT,I
27,CONV,20000,QUALITY,I
27,CONV,1000,OUT,O
27,CONV,1010,TRBL_AL,O
28,LEADLAG,10,IN,I
28,LEADLAG,20,T_LEAD,I
28,LEADLAG,30,T_LAG,I
28,LEADLAG,40,GAIN,I
28,LEADLAG,20000,QUALITY,I
28,LEADLAG,1000,OUT,O
28,LEADLAG,1010,TRBL_AL,O
29,TRIGON,10,IN,I
29,TRIGON,20,FUNCTION,I
29,TRIGON,30,BASE,I
29,TRIGON,20000,QUALITY,I
29,TRIGON,1000,OUT,O
29,TRIGON,1010,TRBL_AL,O
100,AND,10,IN1,I
100,AND,20,IN2,I
100,AND,30,IN3,I
100,AND,40,IN4,I
100,AND,50,IN5,I
100,AND,60,IN6,I
100,AND,70,IN7,I
100,AND,80,IN8,I
100,AND,20000,QUALITY,I
100,AND,1000,OUT,O
101,OR,10,IN1,I
101,OR,20,IN2,I
101,OR,30,IN3,I
101,OR,40,IN4,I
101,OR,50,IN5,I
101,OR,60,IN6,I
101,OR,70,IN7,I
101,OR,80,IN8,I
101,OR,20000,QUALITY,I
101,OR,1000,OUT,O
102,DYN_OR,10,IN1,I
102,DYN_OR,20,IN2,I
102,DYN_OR,30,IN3,I
102,DYN_OR,40,IN4,I
102,DYN_OR,50,IN5,I
102,DYN_OR,60,IN6,I
102,DYN_OR,70,IN7,I
102,DYN_OR,80,IN8,I
102,DYN_OR,20000,QUALITY,I
102,DYN_OR,1000,OUT_STAT,O
102,DYN_OR,1010,OUT_DYN,O
103,NOT,10,IN,I
103,NOT,20000,QUALITY,I
103,NOT,1000,OUT,O
104,EXOR,10,IN1,I
104,EXOR,20,IN2,I
104,EXOR,20000,QUALITY,I
104,EXOR,1000,OUT,O
105,RS_FF,10,S,I
105,RS_FF,20,R,I
105,RS_FF,30,DOM,I
105,RS_FF,20000,QUALITY,I
105,RS_FF,1000,Q,O
105,RS_FF,1010,Q_N,O
106,JK_FF,10,J,I
106,JK_FF,20,K,I
106,JK_FF,30,C,I
106,JK_FF,20000,QUALITY,I
106,JK_FF,1000,Q,O
106,JK_FF,1010,Q_N,O
107,BSIG,10,IN,I
107,BSIG,1000,OUT,O
108,BXFR,10,NO,I
108,BXFR,20,YES,I
108,BXFR,30,SEL,I
108,BXFR,20000,QUALITY,I
108,BXFR,1000,OUT,O
109,MINPULS,10,IN,I
109,MINPULS,20,TIME,I
109,MINPULS,30,BASE,I
109,MINPULS,40,RESET,I
109,MINPULS,20000,QUALITY,I
109,MINPULS,1000,OUT,O
109,MINPULS,1010,RT,O
110,PULSE,10,IN,I
110,PULSE,20,TIME,I
110,PULSE,30,BASE,I
110,PULSE,40,RESET,I
110,PULSE,20000,QUALITY,I
110,PULSE,1000,OUT,O
110,PULSE,1010,RT,O
111,LPULSE,10,IN,I
111,LPULSE,20,TIME,I
111,LPULSE,30,BASE,I
111,LPULSE,40,RESET,I
111,LPULSE,20000,QUALITY,I
111,LPULSE,1000,OUT,O
111,LPULSE,1010,RT,O
112,T_ON,10,IN,I
112,T_ON,20,TIME,I
112,T_ON,30,BASE,I
112,T_ON,40,RESET,I
112,T_ON,20000,QUALITY,I
112,T_ON,1000,OUT,O
112,T_ON,1010,RT,O
113,T_LON,10,IN,I
113,T_LON,20,TIME,I
113,T_LON,30,BASE,I
113,T_LON,40,RESET,I
113,T_LON,20000,QUALITY,I
113,T_LON,1000,OUT,O
113,T_LON,1010,RT,O
114,T_OFF,10,IN,I
114,T_OFF,20,TIME,I
114,T_OFF,30,BASE,I
114,T_OFF,40,RESET,I
114,T_OFF,20000,QUALITY,I
114,T_OFF,1000,OUT,O
114,T_OFF,1010,RT,O
115,BSEL,10,IN1,I
115,BSEL,20,IN2,I
115,BSEL,30,IN3,I
115,BSEL,40,IN4,I
115,BSEL,50,IN5,I
115,BSEL,60,IN6,I
115,BSEL,70,IN7,I
115,BSEL,80,IN8,I
115,BSEL,90,IN9,I
115,BSEL,100,IN10,I
115,BSEL,110,IN11,I
115,BSEL,120,IN12,I
115,BSEL,130,IN13,I
115,BSEL,140,IN14,I
115,BSEL,150,IN15,I
115,BSEL,160,IN16,I
115,BSEL,170,N_IN,I
115,BSEL,20000,QUALITY,I
115,BSEL,1000,OUT,O
116,COUNTER,10,CU,I
116,COUNTER,30,EN_UP,I
116,COUNTER,20,CD,I
116,COUNTER,40,EN_DOWN,I
116,COUNTER,50,S,I
116,COUNTER,60,R,I
116,COUNTER,70,SV,I
116,COUNTER,80,UL,I
116,COUNTER,90,LL,I
116,COUNTER,1000,OUT,O
116,COUNTER,1010,OUT_UL,O
116,COUNTER,1020,OUT_LL,O
117,OP_BIN,1000,OUT,O
118,OP_ANA,100,LL,I
118,OP_ANA,110,UL,I
118,OP_ANA,120,EU,I
118,OP_ANA,1000,OUT,O
200,ASMON,10,IN,I
200,ASMON,30,LV1,I
200,ASMON,130,LSG1,I
200,ASMON,140,HI_LOW1,I
200,ASMON,40,LV2,I
200,ASMON,150,LSG2,I
200,ASMON,160,HI_LOW2,I
200,ASMON,50,LV3,I
200,ASMON,170,LSG3,I
200,ASMON,180,HI_LOW3,I
200,ASMON,60,LV4,I
200,ASMON,190,LSG4,I
200,ASMON,200,HI_LOW4,I
200,ASMON,70,LV5,I
200,ASMON,210,LSG5,I
200,ASMON,220,HI_LOW5,I
200,ASMON,80,LV6,I
200,ASMON,230,LSG6,I
200,ASMON,240,HI_LOW6,I
200,ASMON,90,DB,I
200,ASMON,110,UL,I
200,ASMON,120,LL,I
200,ASMON,270,EU,I
200,ASMON,250,AL_SUPQ1,I
200,ASMON,300,AL_SUPQ2,I
200,ASMON,310,AL_SUPQ3,I
200,ASMON,320,AL_SUPQ4,I
200,ASMON,330,AL_SUPQ5,I
200,ASMON,340,AL_SUPQ6,I
200,ASMON,20,T1,I
200,ASMON,100,SUB_V,I
200,ASMON,260,SUB_VS,I
200,ASMON,280,LS_GQ,I
200,ASMON,1000,OUT,O
200,ASMON,1010,Q1,O
200,ASMON,1020,Q2,O
200,ASMON,1030,Q3,O
200,ASMON,1040,Q4,O
200,ASMON,1050,Q5,O
200,ASMON,1060,Q6,O
200,ASMON,1090,OUT_GQ,O
200,ASMON,1070,CF,O
200,ASMON,1080,Q_AL,O
201,BSMON,10,IN1,I
201,BSMON,20,IN2,I
201,BSMON,30,T_MON,I
201,BSMON,40,SUB_VS,I
201,BSMON,50,SUBV_OUTN,I
201,BSMON,60,AL_SUP,I
201,BSMON,1000,OUT,O
201,BSMON,1010,OUTN,O
201,BSMON,1050,OUT_GQ,O
201,BSMON,1060,OUTN_GQ,O
201,BSMON,1020,TRBL_AL,O
202,ANA,10,IN,I
202,ANA,20,UL,I
202,ANA,30,LL,I
202,ANA,40,EU,I
202,ANA,1000,OUT,O
202,ANA,1040,OUT_GQ,O
202,ANA,1010,UL_O,O
202,ANA,1020,LL_O,O
202,ANA,1030,EU_O,O
205,ASEL3,10,IN1,I
205,ASEL3,120,BL_IN1,I
205,ASEL3,20,IN2,I
205,ASEL3,130,BL_IN2,I
205,ASEL3,30,IN3,I
205,ASEL3,140,BL_IN3,I
205,ASEL3,40,MODE,I
205,ASEL3,90,UL,I
205,ASEL3,100,LL,I
205,ASEL3,110,EU,I
205,ASEL3,50,DEV_DB,I
205,ASEL3,60,DB,I
205,ASEL3,70,SUB_V,I
205,ASEL3,80,SUB_VS,I
205,ASEL3,1000,OUT,O
205,ASEL3,1050,Q_AL1,O
205,ASEL3,1060,Q_AL2,O
205,ASEL3,1070,Q_AL3,O
205,ASEL3,1040,DEV_AL,O
205,ASEL3,1080,DEV_AL1,O
205,ASEL3,1090,DEV_AL2,O
205,ASEL3,1100,DEV_AL3,O
205,ASEL3,1010,O_MODE,O
205,ASEL3,1020,TRBL_AL,O
205,ASEL3,1030,OUT_AL,O
206,ASEL2,10,IN1,I
206,ASEL2,120,BL_IN1,I
206,ASEL2,20,IN2,I
206,ASEL2,130,BL_IN2,I
206,ASEL2,30,MODE,I
206,ASEL2,80,UL,I
206,ASEL2,90,LL,I
206,ASEL2,110,EU,I
206,ASEL2,40,DEV_DB,I
206,ASEL2,50,DB,I
206,ASEL2,60,SUB_V,I
206,ASEL2,70,SUB_VS,I
206,ASEL2,1000,OUT,O
206,ASEL2,1050,Q_AL1,O
206,ASEL2,1060,Q_AL2,O
206,ASEL2,1040,DEV_AL,O
206,ASEL2,1010,O_MODE,O
206,ASEL2,1020,TRBL_AL,O
206,ASEL2,1030,OUT_AL,O
207,BIN,10,IN,I
207,BIN,1000,OUT,O
207,BIN,1010,OUT_GQ,O
250,ASMON_R,10,IN1,I
250,ASMON_R,20,IN2,I
250,ASMON_R,50,LV1,I
250,ASMON_R,140,LSG1,I
250,ASMON_R,150,HI_LOW1,I
250,ASMON_R,60,LV2,I
250,ASMON_R,160,LSG2,I
250,ASMON_R,170,HI_LOW2,I
250,ASMON_R,70,LV3,I
250,ASMON_R,180,LSG3,I
250,ASMON_R,190,HI_LOW3,I
250,ASMON_R,80,LV4,I
250,ASMON_R,200,LSG4,I
250,ASMON_R,210,HI_LOW4,I
250,ASMON_R,90,LV5,I
250,ASMON_R,220,LSG5,I
250,ASMON_R,230,HI_LOW5,I
250,ASMON_R,100,LV6,I
250,ASMON_R,240,LSG6,I
250,ASMON_R,250,HI_LOW6,I
250,ASMON_R,110,DB,I
250,ASMON_R,280,UL,I
250,ASMON_R,290,LL,I
250,ASMON_R,300,EU,I
250,ASMON_R,310,AL_SUPQ1,I
250,ASMON_R,320,AL_SUPQ2,I
250,ASMON_R,330,AL_SUPQ3,I
250,ASMON_R,340,AL_SUPQ4,I
250,ASMON_R,350,AL_SUPQ5,I
250,ASMON_R,360,AL_SUPQ6,I
250,ASMON_R,120,DEV_DB,I
250,ASMON_R,130,T_MON,I
250,ASMON_R,40,T1,I
250,ASMON_R,30,MINMAX,I
250,ASMON_R,260,SUB_V,I
250,ASMON_R,270,SUB_VS,I
250,ASMON_R,370,LS_GQ,I
250,ASMON_R,1000,OUT,O
250,ASMON_R,1030,Q1,O
250,ASMON_R,1040,Q2,O
250,ASMON_R,1050,Q3,O
250,ASMON_R,1060,Q4,O
250,ASMON_R,1070,Q5,O
250,ASMON_R,1080,Q6,O
250,ASMON_R,1150,OUT_GQ,O
250,ASMON_R,1010,OUT_IN1,O
250,ASMON_R,1020,OUT_IN2,O
250,ASMON_R,1120,Q_AL1,O
250,ASMON_R,1130,Q_AL2,O
250,ASMON_R,1110,DEV_AL,O
250,ASMON_R,1140,CF,O
250,ASMON_R,1090,TRBL_AL,O
250,ASMON_R,1100,OUT_AL,O
251,BSMON_R,10,IN1,I
251,BSMON_R,20,IN2,I
251,BSMON_R,30,T_MON,I
251,BSMON_R,40,SUB_VS,I
251,BSMON_R,50,AL_SUP,I
251,BSMON_R,1000,OUT,O
251,BSMON_R,1080,OUT_GQ,O
251,BSMON_R,1010,OUT_IN1,O
251,BSMON_R,1020,OUT_IN2,O
251,BSMON_R,1060,Q_AL1,O
251,BSMON_R,1070,Q_AL2,O
251,BSMON_R,1050,DEV_AL,O
251,BSMON_R,1030,TRBL_AL,O
251,BSMON_R,1040,OUT_AL,O
300,PID,10,ER,I
300,PID,20,DB,I
300,PID,30,DB_OFF,I
300,PID,40,FEEDFWD,I
300,PID,50,TRACK_V,I
300,PID,60,C_TRACK,I
300,PID,70,P_OFF,I
300,PID,80,GAIN,I
300,PID,90,I_OFF,I
300,PID,100,TN,I
300,PID,110,D_OFF,I
300,PID,120,TD,I
300,PID,130,T1,I
300,PID,140,UL,I
300,PID,150,LL,I
300,PID,160,ANTI_W,I
300,PID,170,EN_UP,I
300,PID,180,EN_DOWN,I
300,PID,20000,QUALITY,I
300,PID,1000,OUT,O
300,PID,1010,OUT_UL,O
300,PID,1020,OUT_LL,O
300,PID,1030,TRACK,O
300,PID,1040,CF,O
302,SPADJ,190,UL,I
302,SPADJ,200,LL,I
302,SPADJ,210,EU,I
302,SPADJ,170,RR_UP,I
302,SPADJ,160,RR_DOWN,I
302,SPADJ,180,RR_UNIT,I
302,SPADJ,370,BASE,I
302,SPADJ,380,TRACK_V,I
302,SPADJ,390,C_TRACK,I
302,SPADJ,260,EXT_SETP,I
302,SPADJ,130,A_EXT,I
302,SPADJ,120,EN_EXT,I
302,SPADJ,110,A_INT,I
302,SPADJ,100,EN_INT,I
302,SPADJ,90,A_UP,I
302,SPADJ,80,EN_UP,I
302,SPADJ,40,A_DOWN,I
302,SPADJ,30,EN_DOWN,I
302,SPADJ,10,P1_DOWN,I
302,SPADJ,20,P2_DOWN,I
302,SPADJ,60,P1_UP,I
302,SPADJ,70,P2_UP,I
302,SPADJ,50,A_STOP,I
302,SPADJ,140,EXT_FLT,I
302,SPADJ,230,BL_M,I
302,SPADJ,150,A_RESET,I
302,SPADJ,220,BL_A,I
302,SPADJ,240,EN_AM,I
302,SPADJ,250,FP_MODE,I
302,SPADJ,270,START_V,I
302,SPADJ,20000,QUALITY,I
302,SPADJ,1000,OUT,O
302,SPADJ,1040,EXT,O
302,SPADJ,1030,INT,O
302,SPADJ,1250,TRACK,O
302,SPADJ,1190,RESET_P,O
302,SPADJ,1020,OUT_UL,O
302,SPADJ,1010,OUT_LL,O
302,SPADJ,1060,INT_REJ,O
302,SPADJ,1230,TD_UP,O
302,SPADJ,1220,TD_DOWN,O
302,SPADJ,1070,CF,O
302,SPADJ,1080,RESET,O
302,SPADJ,1090,P_DOWN,O
302,SPADJ,1100,P_UP,O
302,SPADJ,1110,COM,O
302,SPADJ,1120,AUTO,O
302,SPADJ,1130,MAN,O
302,SPADJ,1050,TRBL_AL,O
303,CCTRL,300,ER,I
303,CCTRL,230,UL,I
303,CCTRL,240,LL,I
303,CCTRL,250,EU,I
303,CCTRL,590,BASE,I
303,CCTRL,480,SCALE_UL,I
303,CCTRL,490,SCALE_LL,I
303,CCTRL,360,GAIN,I
303,CCTRL,400,P_OFF,I
303,CCTRL,370,TN,I
303,CCTRL,410,I_OFF,I
303,CCTRL,470,BL_IUP,I
303,CCTRL,460,BL_IDOWN,I
303,CCTRL,380,TD,I
303,CCTRL,390,T1,I
303,CCTRL,420,D_OFF,I
303,CCTRL,340,DB,I
303,CCTRL,350,FEEDFWD,I
303,CCTRL,100,P1_UP,I
303,CCTRL,110,P2_UP,I
303,CCTRL,130,A_UP,I
303,CCTRL,120,EN_UP,I
303,CCTRL,50,P1_DOWN,I
303,CCTRL,60,P2_DOWN,I
303,CCTRL,80,A_DOWN,I
303,CCTRL,70,EN_DOWN,I
303,CCTRL,170,A_CL,I
303,CCTRL,160,EN_CL,I
303,CCTRL,150,A_OL,I
303,CCTRL,140,EN_OL,I
303,CCTRL,90,A_STOP,I
303,CCTRL,450,BL_UP,I
303,CCTRL,440,BL_DOWN,I
303,CCTRL,180,EXT_FLT,I
303,CCTRL,320,C_TRACK,I
303,CCTRL,310,TRACK_V,I
303,CCTRL,210,RR_UP,I
303,CCTRL,200,RR_DOWN,I
303,CCTRL,220,RR_UNIT,I
303,CCTRL,270,BL_M,I
303,CCTRL,20,FB_OPEN,I
303,CCTRL,10,FB_CLOSE,I
303,CCTRL,30,FB_NTRBL,I
303,CCTRL,40,FB_LOC,I
303,CCTRL,190,A_RESET,I
303,CCTRL,260,BL_A,I
303,CCTRL,280,EN_AM,I
303,CCTRL,330,C_ITRACK,I
303,CCTRL,430,ANTI_W,I
303,CCTRL,290,FP_MODE,I
303,CCTRL,20000,QUALITY,I
303,CCTRL,1000,OUT,O
303,CCTRL,1040,OPENED,O
303,CCTRL,1030,CLOSED,O
303,CCTRL,1060,CL,O
303,CCTRL,1050,OL,O
303,CCTRL,1290,RESET_P,O
303,CCTRL,1330,TD_DOWN,O
303,CCTRL,1340,TD_UP,O
303,CCTRL,1130,OL_REJ,O
303,CCTRL,1020,OUT_UL,O
303,CCTRL,1010,OUT_LL,O
303,CCTRL,1080,UL_SCALE,O
303,CCTRL,1090,LL_SCALE,O
303,CCTRL,1100,EU_SCALE,O
303,CCTRL,1140,CF,O
303,CCTRL,1150,RESET,O
303,CCTRL,1170,P_UP,O
303,CCTRL,1160,P_DOWN,O
303,CCTRL,1180,FB_ERR,O
303,CCTRL,1190,TRBL,O
303,CCTRL,1200,LOCAL,O
303,CCTRL,1210,COM,O
303,CCTRL,1220,AUTO,O
303,CCTRL,1230,MAN,O
303,CCTRL,1070,TRACK,O
303,CCTRL,1110,TRBL_AL,O
303,CCTRL,1120,Q_AL,O
305,SPCTRL,10,IN,I
305,SPCTRL,20,RR_UP,I
305,SPCTRL,30,RR_DOWN,I
305,SPCTRL,50,BASE,I
305,SPCTRL,40,SET,I
305,SPCTRL,20000,QUALITY,I
305,SPCTRL,1000,OUT,O
305,SPCTRL,1010,ADJUSTED,O
305,SPCTRL,1020,OUT_INC,O
305,SPCTRL,1030,OUT_DEC,O
306,DELAY,10,IN,I
306,DELAY,20,T_DELAY,I
306,DELAY,20000,QUALITY,I
306,DELAY,1000,OUT,O
306,DELAY,1010,TRBL_AL,O
307,SP_AV,10,SP,I
307,SP_AV,20,AV,I
307,SP_AV,30,RR,I
307,SP_AV,100,BASE,I
307,SP_AV,40,ALV,I
307,SP_AV,50,BIAS,I
307,SP_AV,60,C_TRACK,I
307,SP_AV,70,UL,I
307,SP_AV,80,LL,I
307,SP_AV,90,EU,I
307,SP_AV,20000,QUALITY,I
307,SP_AV,1000,SP_OUT,O
307,SP_AV,1010,AV_OUT,O
307,SP_AV,1020,GAIN,O
307,SP_AV,1030,TRBL_AL,O
400,MOTOR,100,P1_START,I
400,MOTOR,110,P2_START,I
400,MOTOR,130,A_START,I
400,MOTOR,120,EN_START,I
400,MOTOR,60,P1_STOP,I
400,MOTOR,70,P2_STOP,I
400,MOTOR,90,A_STOP,I
400,MOTOR,80,EN_STOP,I
400,MOTOR,50,FB_LOC,I
400,MOTOR,20,FB_RUN,I
400,MOTOR,10,FB_STOP,I
400,MOTOR,40,FB_TEST,I
400,MOTOR,30,FB_NTRBL,I
400,MOTOR,210,UV_TS,I
400,MOTOR,220,UV_TO,I
400,MOTOR,230,UV_ST,I
400,MOTOR,140,A_RESET,I
400,MOTOR,180,BL_M,I
400,MOTOR,170,BL_A,I
400,MOTOR,190,EN_AM,I
400,MOTOR,150,M_C,I
400,MOTOR,160,T_C,I
400,MOTOR,200,FP_MODE,I
400,MOTOR,20000,QUALITY,I
400,MOTOR,1030,RUNNING,O
400,MOTOR,1020,STOPPED,O
400,MOTOR,1010,C_START,O
400,MOTOR,1000,C_STOP,O
400,MOTOR,1290,UV,O
400,MOTOR,1180,LOCAL,O
400,MOTOR,1050,RESET,O
400,MOTOR,1080,P_START,O
400,MOTOR,1060,P_STOP,O
400,MOTOR,1090,P_UVSTOP,O
400,MOTOR,1110,F_START,O
400,MOTOR,1100,F_STOP,O
400,MOTOR,1120,FB_ERR,O
400,MOTOR,1140,SD_NRUN,O
400,MOTOR,1130,SD_NSTOP,O
400,MOTOR,1150,TRBL,O
400,MOTOR,1170,TEST,O
400,MOTOR,1190,COM,O
400,MOTOR,1200,TAGOUT,O
400,MOTOR,1210,AUTO,O
400,MOTOR,1220,MAN,O
400,MOTOR,1250,RESET_P,O
400,MOTOR,1160,DCO,O
400,MOTOR,1040,TRBL_AL,O
400,MOTOR,1070,Q_AL,O
401,SOV,90,P1_OPEN,I
401,SOV,100,P2_OPEN,I
401,SOV,120,A_OPEN,I
401,SOV,110,EN_OPEN,I
401,SOV,50,P1_CLOSE,I
401,SOV,60,P2_CLOSE,I
401,SOV,80,A_CLOSE,I
401,SOV,70,EN_CLOSE,I
401,SOV,40,FB_LOC,I
401,SOV,20,FB_OPEN,I
401,SOV,10,FB_CLOSE,I
401,SOV,250,FB_TEST,I
401,SOV,30,FB_NTRBL,I
401,SOV,130,A_RESET,I
401,SOV,160,BL_M,I
401,SOV,150,BL_A,I
401,SOV,170,EN_AM,I
401,SOV,140,T_TRAV,I
401,SOV,180,FP_MODE,I
401,SOV,20000,QUALITY,I
401,SOV,1030,OPENED,O
401,SOV,1020,CLOSED,O
401,SOV,1010,C_OPEN,O
401,SOV,1000,C_CLOSE,O
401,SOV,1150,LOCAL,O
401,SOV,1060,RESET,O
401,SOV,1080,P_OPEN,O
401,SOV,1070,P_CLOSE,O
401,SOV,1100,F_OPEN,O
401,SOV,1090,F_CLOSE,O
401,SOV,1110,FB_ERR,O
401,SOV,1130,SD_NOP,O
401,SOV,1120,SD_NCL,O
401,SOV,1140,TRBL,O
401,SOV,1160,COM,O
401,SOV,1170,TAGOUT,O
401,SOV,1180,AUTO,O
401,SOV,1190,MAN,O
401,SOV,1220,RESET_P,O
401,SOV,1280,TEST,O
401,SOV,1040,TRBL_AL,O
401,SOV,1050,Q_AL,O
402,ACTUATOR,120,P1_OPEN,I
402,ACTUATOR,130,P2_OPEN,I
402,ACTUATOR,150,A_OPEN,I
402,ACTUATOR,140,EN_OPEN,I
402,ACTUATOR,70,P1_CLOSE,I
402,ACTUATOR,80,P2_CLOSE,I
402,ACTUATOR,100,A_CLOSE,I
402,ACTUATOR,90,EN_CLOSE,I
402,ACTUATOR,110,A_STOP,I
402,ACTUATOR,60,FB_LOC,I
402,ACTUATOR,20,FB_OPEN,I
402,ACTUATOR,10,FB_CLOSE,I
402,ACTUATOR,40,FB_TQNOP,I
402,ACTUATOR,30,FB_TQNCL,I
402,ACTUATOR,50,FB_NTRBL,I
402,ACTUATOR,160,A_RESET,I
402,ACTUATOR,230,BL_M,I
402,ACTUATOR,220,BL_A,I
402,ACTUATOR,240,EN_AM,I
402,ACTUATOR,170,T_TRAV,I
402,ACTUATOR,330,T_STEP,I
402,ACTUATOR,180,T_TQCL,I
402,ACTUATOR,190,T_TQOP,I
402,ACTUATOR,210,SEAL_OP,I
402,ACTUATOR,200,SEAL_CL,I
402,ACTUATOR,250,FP_MODE,I
402,ACTUATOR,20000,QUALITY,I
402,ACTUATOR,1030,OPENED,O
402,ACTUATOR,1020,CLOSED,O
402,ACTUATOR,1010,C_OPEN,O
402,ACTUATOR,1000,C_CLOSE,O
402,ACTUATOR,1190,LOCAL,O
402,ACTUATOR,1180,TRBL,O
402,ACTUATOR,1060,RESET,O
402,ACTUATOR,1080,P_OPEN,O
402,ACTUATOR,1070,P_CLOSE,O
402,ACTUATOR,1100,F_OPEN,O
402,ACTUATOR,1090,F_CLOSE,O
402,ACTUATOR,1110,FB_ERR,O
402,ACTUATOR,1130,SD_NOP,O
402,ACTUATOR,1120,SD_NCL,O
402,ACTUATOR,1150,TQ_OP,O
402,ACTUATOR,1140,TQ_CL,O
402,ACTUATOR,1170,TQ_FBOP,O
402,ACTUATOR,1160,TQ_FBCL,O
402,ACTUATOR,1200,COM,O
402,ACTUATOR,1210,TAGOUT,O
402,ACTUATOR,1220,AUTO,O
402,ACTUATOR,1230,MAN,O
402,ACTUATOR,1270,RESET_P,O
402,ACTUATOR,1040,TRBL_AL,O
402,ACTUATOR,1050,Q_AL,O
403,SERVO,310,ER,I
403,SERVO,360,TN,I
403,SERVO,350,GAIN,I
403,SERVO,320,DB,I
403,SERVO,120,P1_OPEN,I
403,SERVO,130,P2_OPEN,I
403,SERVO,150,A_OPEN,I
403,SERVO,140,EN_OPEN,I
403,SERVO,70,P1_CLOSE,I
403,SERVO,80,P2_CLOSE,I
403,SERVO,100,A_CLOSE,I
403,SERVO,90,EN_CLOSE,I
403,SERVO,110,A_STOP,I
403,SERVO,190,A_CL,I
403,SERVO,180,EN_CL,I
403,SERVO,170,A_OL,I
403,SERVO,160,EN_OL,I
403,SERVO,200,EXT_FLT,I
403,SERVO,60,FB_LOC,I
403,SERVO,20,FB_OPEN,I
403,SERVO,10,FB_CLOSE,I
403,SERVO,40,FB_TQNOP,I
403,SERVO,30,FB_TQNCL,I
403,SERVO,50,FB_NTRBL,I
403,SERVO,370,ANTI_W,I
403,SERVO,390,BL_OP,I
403,SERVO,380,BL_CL,I
403,SERVO,210,A_RESET,I
403,SERVO,280,BL_M,I
403,SERVO,270,BL_A,I
403,SERVO,290,EN_AM,I
403,SERVO,220,T_TRAV,I
403,SERVO,490,T_STEP,I
403,SERVO,240,T_TQOP,I
403,SERVO,230,T_TQCL,I
403,SERVO,340,MINPUL,I
403,SERVO,330,MINPAU,I
403,SERVO,260,SEAL_OP,I
403,SERVO,250,SEAL_CL,I
403,SERVO,300,FP_MODE,I
403,SERVO,20000,QUALITY,I
403,SERVO,1030,OPENED,O
403,SERVO,1020,CLOSED,O
403,SERVO,1050,CL,O
403,SERVO,1040,OL,O
403,SERVO,1010,C_OPEN,O
403,SERVO,1000,C_CLOSE,O
403,SERVO,1220,LOCAL,O
403,SERVO,1390,OL_REJ,O
403,SERVO,1080,CF,O
403,SERVO,1090,RESET,O
403,SERVO,1110,P_OPEN,O
403,SERVO,1100,P_CLOSE,O
403,SERVO,1130,F_OPEN,O
403,SERVO,1120,F_CLOSE,O
403,SERVO,1140,FB_ERR,O
403,SERVO,1160,SD_NOP,O
403,SERVO,1150,SD_NCL,O
403,SERVO,1180,TQ_OP,O
403,SERVO,1170,TQ_CL,O
403,SERVO,1200,TQ_FBOP,O
403,SERVO,1190,TQ_FBCL,O
403,SERVO,1210,TRBL,O
403,SERVO,1230,COM,O
403,SERVO,1240,TAGOUT,O
403,SERVO,1250,AUTO,O
403,SERVO,1260,MAN,O
403,SERVO,1320,RESET_P,O
403,SERVO,1060,TRBL_AL,O
403,SERVO,1070,Q_AL,O
404,SLC,50,A_ON,I
404,SLC,70,EN_ON,I
404,SLC,40,A_OFF,I
404,SLC,60,EN_OFF,I
404,SLC,110,BL_M,I
404,SLC,100,BL_A,I
404,SLC,120,EN_AM,I
404,SLC,90,FP_MODE,I
404,SLC,1040,ON,O
404,SLC,1050,OFF,O
404,SLC,1060,COM,O
404,SLC,1030,AUTO,O
404,SLC,1070,MAN,O
405,PRESEL,70,A_SEL1,I
405,PRESEL,150,EN_SEL1,I
405,PRESEL,80,A_SEL2,I
405,PRESEL,160,EN_SEL2,I
405,PRESEL,90,A_SEL3,I
405,PRESEL,170,EN_SEL3,I
405,PRESEL,100,A_SEL4,I
405,PRESEL,180,EN_SEL4,I
405,PRESEL,130,BL_M,I
405,PRESEL,120,BL_A,I
405,PRESEL,140,EN_AM,I
405,PRESEL,110,FP_MODE,I
405,PRESEL,1070,SEL1,O
405,PRESEL,1080,SEL2,O
405,PRESEL,1090,SEL3,O
405,PRESEL,1100,SEL4,O
405,PRESEL,1120,MAN,O
405,PRESEL,1060,AUTO,O
405,PRESEL,1110,COM,O
406,DCO,30,A_ON,I
406,DCO,40,EN_ON,I
406,DCO,10,A_OFF,I
406,DCO,20,EN_OFF,I
406,DCO,180,RUN0,I
406,DCO,190,RUN1,I
406,DCO,200,RUN2,I
406,DCO,210,RUN3,I
406,DCO,220,RUN4,I
406,DCO,90,A_SEL1,I
406,DCO,50,EN_SEL1,I
406,DCO,100,A_SEL2,I
406,DCO,60,EN_SEL2,I
406,DCO,110,A_SEL3,I
406,DCO,70,EN_SEL3,I
406,DCO,120,A_SEL4,I
406,DCO,80,EN_SEL4,I
406,DCO,240,T_C,I
406,DCO,250,T_TRBL,I
406,DCO,390,T_WAIT,I
406,DCO,130,A_RESET,I
406,DCO,150,BL_M,I
406,DCO,140,BL_A,I
406,DCO,160,EN_AM,I
406,DCO,230,SEL_MODE,I
406,DCO,170,FP_MODE,I
406,DCO,260,DEV1,I
406,DCO,270,DEV2,I
406,DCO,280,DEV3,I
406,DCO,290,DEV4,I
406,DCO,1090,ON,O
406,DCO,1080,OFF,O
406,DCO,1010,C1_START,O
406,DCO,1030,C2_START,O
406,DCO,1050,C3_START,O
406,DCO,1070,C4_START,O
406,DCO,1000,C1_STOP,O
406,DCO,1020,C2_STOP,O
406,DCO,1040,C3_STOP,O
406,DCO,1060,C4_STOP,O
406,DCO,1100,SEL1,O
406,DCO,1110,SEL2,O
406,DCO,1120,SEL3,O
406,DCO,1130,SEL4,O
406,DCO,1330,RESET,O
406,DCO,1300,RESET_P,O
406,DCO,1160,F_START,O
406,DCO,1150,F_STOP,O
406,DCO,1170,COM,O
406,DCO,1180,AUTO,O
406,DCO,1190,MAN,O
406,DCO,1140,TRBL_AL,O
407,SGC,30,A_ON,I
407,SGC,40,EN_ON,I
407,SGC,10,A_OFF,I
407,SGC,20,EN_OFF,I
407,SGC,100,FB_OP,I
407,SGC,110,P1_OP,I
407,SGC,120,P2_OP,I
407,SGC,130,A_OP,I
407,SGC,140,EN_OP,I
407,SGC,50,FB_SD,I
407,SGC,60,P1_SD,I
407,SGC,70,P2_SD,I
407,SGC,80,A_SD,I
407,SGC,90,EN_SD,I
407,SGC,150,A_RESET,I
407,SGC,160,BL_A,I
407,SGC,170,BL_M,I
407,SGC,180,EN_AM,I
407,SGC,190,FP_MODE,I
407,SGC,200,RTE_STP,I
407,SGC,210,RTE_BLC,I
407,SGC,1010,ON,O
407,SGC,1000,OFF,O
407,SGC,1030,OP,O
407,SGC,1020,SD,O
407,SGC,1310,OP_FB,O
407,SGC,1300,SD_FB,O
407,SGC,1170,RESET_P,O
407,SGC,1050,FS_OP,O
407,SGC,1040,FS_SD,O
407,SGC,1080,P_OP,O
407,SGC,1070,P_SD,O
407,SGC,1090,RTE,O
407,SGC,1100,COM,O
407,SGC,1110,AUTO,O
407,SGC,1120,MAN,O
407,SGC,1240,STEP_A,O
407,SGC,1250,STEP_N,O
407,SGC,1270,R_WT,O
407,SGC,1280,R_MT,O
407,SGC,1330,CMD_BL,O
407,SGC,1320,GC,O
407,SGC,1060,TRBL_AL,O
408,PBO,70,EN_INC,I
408,PBO,60,EN_DEC,I
408,PBO,80,TIME,I
408,PBO,1010,INC,O
408,PBO,1000,DEC,O
409,STEP,110,STEP,I
409,STEP,130,T_WAIT,I
409,STEP,140,T_MON,I
409,STEP,10,IN1,I
409,STEP,20,IN2,I
409,STEP,30,IN3,I
409,STEP,40,IN4,I
409,STEP,50,IN5,I
409,STEP,60,IN6,I
409,STEP,70,IN7,I
409,STEP,80,IN8,I
409,STEP,90,IN9,I
409,STEP,100,IN10,I
409,STEP,120,CRIT,I
409,STEP,1000,CMD,O
409,STEP,1010,WT,O
409,STEP,1030,NEXT,O
409,STEP,1020,MT,O
409,STEP,1040,RTE,O
409,STEP,1060,R_WT,O
409,STEP,1070,R_MT,O
410,BRANCH,110,STEP,I
410,BRANCH,220,T_WAIT,I
410,BRANCH,230,T_MON,I
410,BRANCH,10,IN1,I
410,BRANCH,20,IN2,I
410,BRANCH,30,IN3,I
410,BRANCH,40,IN4,I
410,BRANCH,50,IN5,I
410,BRANCH,60,IN6,I
410,BRANCH,70,IN7,I
410,BRANCH,80,IN8,I
410,BRANCH,90,IN9,I
410,BRANCH,100,IN10,I
410,BRANCH,120,CRIT1,I
410,BRANCH,130,CRIT2,I
410,BRANCH,140,CRIT3,I
410,BRANCH,150,CRIT4,I
410,BRANCH,160,CRIT5,I
410,BRANCH,170,CRIT6,I
410,BRANCH,180,CRIT7,I
410,BRANCH,190,CRIT8,I
410,BRANCH,200,CRIT9,I
410,BRANCH,210,CRIT10,I
410,BRANCH,1000,CMD,O
410,BRANCH,1010,WT,O
410,BRANCH,1020,NEXT1,O
410,BRANCH,1030,NEXT2,O
410,BRANCH,1040,NEXT3,O
410,BRANCH,1050,NEXT4,O
410,BRANCH,1060,NEXT5,O
410,BRANCH,1070,NEXT6,O
410,BRANCH,1080,NEXT7,O
410,BRANCH,1090,NEXT8,O
410,BRANCH,1100,NEXT9,O
410,BRANCH,1110,NEXT10,O
410,BRANCH,1140,MT,O
410,BRANCH,1120,RTE,O
410,BRANCH,1150,R_WT,O
410,BRANCH,1160,R_MT,O
411,SLC_OP_SD,30,A_ON,I
411,SLC_OP_SD,40,EN_ON,I
411,SLC_OP_SD,10,A_OFF,I
411,SLC_OP_SD,20,EN_OFF,I
411,SLC_OP_SD,70,A_OP,I
411,SLC_OP_SD,80,EN_OP,I
411,SLC_OP_SD,50,A_SD,I
411,SLC_OP_SD,60,EN_SD,I
411,SLC_OP_SD,100,BL_M,I
411,SLC_OP_SD,90,BL_A,I
411,SLC_OP_SD,110,EN_AM,I
411,SLC_OP_SD,120,FP_MODE,I
411,SLC_OP_SD,1010,ON,O
411,SLC_OP_SD,1000,OFF,O
411,SLC_OP_SD,1030,OP,O
411,SLC_OP_SD,1020,SD,O
411,SLC_OP_SD,1040,COM,O
411,SLC_OP_SD,1050,AUTO,O
411,SLC_OP_SD,1060,MAN,O
412,GC,30,A_ON,I
412,GC,40,EN_ON,I
412,GC,10,A_OFF,I
412,GC,20,EN_OFF,I
412,GC,180,OP0,I
412,GC,190,OP1,I
412,GC,200,OP2,I
412,GC,210,OP3,I
412,GC,220,OP4,I
412,GC,90,A_SEL1,I
412,GC,50,EN_SEL1,I
412,GC,100,A_SEL2,I
412,GC,60,EN_SEL2,I
412,GC,110,A_SEL3,I
412,GC,70,EN_SEL3,I
412,GC,120,A_SEL4,I
412,GC,80,EN_SEL4,I
412,GC,240,T_C,I
412,GC,130,A_RESET,I
412,GC,150,BL_M,I
412,GC,140,BL_A,I
412,GC,160,EN_AM,I
412,GC,230,SEL_MODE,I
412,GC,170,FP_MODE,I
412,GC,250,SGC1,I
412,GC,260,SGC2,I
412,GC,270,SGC3,I
412,GC,280,SGC4,I
412,GC,1090,ON,O
412,GC,1080,OFF,O
412,GC,1010,C1_OP,O
412,GC,1000,C1_SD,O
412,GC,1030,C2_OP,O
412,GC,1020,C2_SD,O
412,GC,1050,C3_OP,O
412,GC,1040,C3_SD,O
412,GC,1070,C4_OP,O
412,GC,1060,C4_SD,O
412,GC,1100,SEL1,O
412,GC,1110,SEL2,O
412,GC,1120,SEL3,O
412,GC,1130,SEL4,O
412,GC,1160,F_OP,O
412,GC,1150,F_SD,O
412,GC,1170,COM,O
412,GC,1180,AUTO,O
412,GC,1190,MAN,O
412,GC,1140,TRBL_AL,O
413,MOTOR_2SR,120,P1_START1,I
413,MOTOR_2SR,130,P2_START1,I
413,MOTOR_2SR,150,A_START1,I
413,MOTOR_2SR,140,EN_START1,I
413,MOTOR_2SR,160,P1_START2,I
413,MOTOR_2SR,170,P2_START2,I
413,MOTOR_2SR,190,A_START2,I
413,MOTOR_2SR,180,EN_START2,I
413,MOTOR_2SR,80,P1_STOP,I
413,MOTOR_2SR,90,P2_STOP,I
413,MOTOR_2SR,110,A_STOP,I
413,MOTOR_2SR,100,EN_STOP,I
413,MOTOR_2SR,70,FB_LOC,I
413,MOTOR_2SR,20,FB_RUN1,I
413,MOTOR_2SR,10,FB_STOP1,I
413,MOTOR_2SR,40,FB_RUN2,I
413,MOTOR_2SR,30,FB_STOP2,I
413,MOTOR_2SR,60,FB_TEST,I
413,MOTOR_2SR,50,FB_NTRBL,I
413,MOTOR_2SR,280,UV_TS,I
413,MOTOR_2SR,290,UV_TO,I
413,MOTOR_2SR,300,UV_ST,I
413,MOTOR_2SR,200,A_RESET,I
413,MOTOR_2SR,250,BL_M,I
413,MOTOR_2SR,240,BL_A,I
413,MOTOR_2SR,260,EN_AM,I
413,MOTOR_2SR,210,M_C,I
413,MOTOR_2SR,220,T_C,I
413,MOTOR_2SR,230,T_CHO,I
413,MOTOR_2SR,270,FP_MODE,I
413,MOTOR_2SR,20000,QUALITY,I
413,MOTOR_2SR,1050,RUNNING1,O
413,MOTOR_2SR,1060,RUNNING2,O
413,MOTOR_2SR,1040,STOPPED,O
413,MOTOR_2SR,1020,C_START1,O
413,MOTOR_2SR,1000,C_STOP1,O
413,MOTOR_2SR,1030,C_START2,O
413,MOTOR_2SR,1010,C_STOP2,O
413,MOTOR_2SR,1220,UV,O
413,MOTOR_2SR,1240,LOCAL,O
413,MOTOR_2SR,1090,RESET,O
413,MOTOR_2SR,1110,P_START1,O
413,MOTOR_2SR,1120,P_START2,O
413,MOTOR_2SR,1100,P_STOP,O
413,MOTOR_2SR,1130,P_UVSTOP,O
413,MOTOR_2SR,1150,F_START1,O
413,MOTOR_2SR,1160,F_START2,O
413,MOTOR_2SR,1140,F_STOP,O
413,MOTOR_2SR,1170,FB_ERR,O
413,MOTOR_2SR,1190,SD_NRUN1,O
413,MOTOR_2SR,1200,SD_NRUN2,O
413,MOTOR_2SR,1180,SD_NSTOP,O
413,MOTOR_2SR,1210,TRBL,O
413,MOTOR_2SR,1230,TEST,O
413,MOTOR_2SR,1250,COM,O
413,MOTOR_2SR,1260,TAGOUT,O
413,MOTOR_2SR,1270,AUTO,O
413,MOTOR_2SR,1280,MAN,O
413,MOTOR_2SR,1320,RESET_P,O
413,MOTOR_2SR,1070,TRBL_AL,O
413,MOTOR_2SR,1080,Q_AL,O
414,PULSE_OP,120,P1_OPEN,I
414,PULSE_OP,130,P2_OPEN,I
414,PULSE_OP,150,A_OPEN,I
414,PULSE_OP,70,P1_CLOSE,I
414,PULSE_OP,80,P2_CLOSE,I
414,PULSE_OP,100,A_CLOSE,I
414,PULSE_OP,110,A_STOP,I
414,PULSE_OP,360,PULSE_OP,I
414,PULSE_OP,1120,P1_OPEN,O
414,PULSE_OP,1130,P2_OPEN,O
414,PULSE_OP,1150,A_OPEN,O
414,PULSE_OP,1070,P1_CLOSE,O
414,PULSE_OP,1080,P2_CLOSE,O
414,PULSE_OP,1100,A_CLOSE,O
414,PULSE_OP,1110,A_STOP,O
600,GASMEAS,10,IN1,I
600,GASMEAS,20,IN2,I
600,GASMEAS,30,IN3,I
600,GASMEAS,40,IN4,I
600,GASMEAS,50,IN5,I
600,GASMEAS,60,IN6,I
600,GASMEAS,70,IN7,I
600,GASMEAS,80,IN8,I
600,GASMEAS,90,IN9,I
600,GASMEAS,100,IN10,I
600,GASMEAS,110,IN11,I
600,GASMEAS,120,IN12,I
600,GASMEAS,130,IN13,I
600,GASMEAS,140,IN14,I
600,GASMEAS,150,IN15,I
600,GASMEAS,160,IN16,I
600,GASMEAS,170,IN17,I
600,GASMEAS,180,IN18,I
600,GASMEAS,190,V_HLV,I
600,GASMEAS,200,V_HDB,I
600,GASMEAS,210,V_LLV,I
600,GASMEAS,220,V_LDB,I
600,GASMEAS,230,M_HLV,I
600,GASMEAS,240,M_HDB,I
600,GASMEAS,250,M_LLV,I
600,GASMEAS,260,M_LDB,I
600,GASMEAS,1000,MR,O
600,GASMEAS,1010,K,O
600,GASMEAS,1020,TC,O
600,GASMEAS,1030,PC,O
600,GASMEAS,1040,AL,O
600,GASMEAS,1050,V_AL,O
600,GASMEAS,1060,M_AL,O
600,GASMEAS,1070,CF,O
601,GASFLOW,10,TME,I
601,GASFLOW,20,PDI,I
601,GASFLOW,30,BME,I
601,GASFLOW,40,PSU,I
601,GASFLOW,50,TGA,I
601,GASFLOW,60,DEL,I
601,GASFLOW,70,PC,I
601,GASFLOW,80,TC,I
601,GASFLOW,90,MR,I
601,GASFLOW,100,K,I
601,GASFLOW,110,ITE,I
601,GASFLOW,120,OTY,I
601,GASFLOW,130,PTY,I
601,GASFLOW,140,TAP,I
601,GASFLOW,150,ABS,I
601,GASFLOW,20000,QUALITY,I
601,GASFLOW,1000,DEN,O
601,GASFLOW,1010,M,O
601,GASFLOW,1020,Z,O
601,GASFLOW,1030,C,O
601,GASFLOW,1040,RD,O
601,GASFLOW,1050,SG,O
601,GASFLOW,1060,CBE,O
601,GASFLOW,1070,D,O
601,GASFLOW,1080,COD,O
601,GASFLOW,1100,CF,O
601,GASFLOW,1090,Q_AL,O
602,GAS,10,IN,I
602,GAS,20,TEMP,I
602,GAS,40,EN_T,I
602,GAS,60,T_REF,I
602,GAS,100,T_EU,I
602,GAS,30,PRESS,I
602,GAS,50,EN_P,I
602,GAS,70,P_REF,I
602,GAS,110,P_EU,I
602,GAS,80,FLOW,I
602,GAS,90,TYPE,I
602,GAS,20000,QUALITY,I
602,GAS,1000,OUT,O
602,GAS,1010,FACTOR,O
602,GAS,1040,TEMP_AL,O
602,GAS,1050,PRESS_AL,O
602,GAS,1060,CF,O
602,GAS,1020,TRBL_AL,O
602,GAS,1030,OUT_AL,O
603,WATER,10,IN,I
603,WATER,20,TEMP,I
603,WATER,40,EN_T,I
603,WATER,60,T_REF,I
603,WATER,100,T_EU,I
603,WATER,30,PRESS,I
603,WATER,50,EN_P,I
603,WATER,70,P_REF,I
603,WATER,110,P_EU,I
603,WATER,80,FLOW,I
603,WATER,90,TYPE,I
603,WATER,20000,QUALITY,I
603,WATER,1000,OUT,O
603,WATER,1010,FACTOR,O
603,WATER,1040,TEMP_AL,O
603,WATER,1050,PRESS_AL,O
603,WATER,1060,CF,O
603,WATER,1020,TRBL_AL,O
603,WATER,1030,OUT_AL,O
604,STEAM,10,IN,I
604,STEAM,20,TEMP,I
604,STEAM,40,EN_T,I
604,STEAM,60,T_REF,I
604,STEAM,100,T_EU,I
604,STEAM,30,PRESS,I
604,STEAM,50,EN_P,I
604,STEAM,70,P_REF,I
604,STEAM,110,P_EU,I
604,STEAM,80,FLOW,I
604,STEAM,90,TYPE,I
604,STEAM,20000,QUALITY,I
604,STEAM,1000,OUT,O
604,STEAM,1010,FACTOR,O
604,STEAM,1040,TEMP_AL,O
604,STEAM,1050,PRESS_AL,O
604,STEAM,1060,CF,O
604,STEAM,1020,TRBL_AL,O
604,STEAM,1030,OUT_AL,O
605,LEVEL,10,IN,I
605,LEVEL,20,TEMP,I
605,LEVEL,50,EN_T,I
605,LEVEL,70,T_REF,I
605,LEVEL,90,T_EU,I
605,LEVEL,30,PRESS,I
605,LEVEL,60,EN_P,I
605,LEVEL,80,P_REF,I
605,LEVEL,100,P_EU,I
605,LEVEL,40,DISTANCE,I
605,LEVEL,130,UL,I
605,LEVEL,140,LL,I
605,LEVEL,150,EU,I
605,LEVEL,110,SUB_V,I
605,LEVEL,120,SUB_VS,I
605,LEVEL,20000,QUALITY,I
605,LEVEL,1000,OUT,O
605,LEVEL,1030,TEMP_AL,O
605,LEVEL,1040,PRESS_AL,O
605,LEVEL,1050,CF,O
605,LEVEL,1010,TRBL_AL,O
605,LEVEL,1020,OUT_AL,O
613,SAVE,10,IN,I
613,SAVE,20,EN_OFFS,I
613,SAVE,30,C_OFFS,I
613,SAVE,40,OFFS_V,I
613,SAVE,20000,QUALITY,I
613,SAVE,1000,OUT,O
613,SAVE,1010,OFFS,O
613,SAVE,1030,STARTUP,O
613,SAVE,1020,TRBL_AL,O
642,GEN_TC,10,AFD,I
642,GEN_TC,20,MFD,I
642,GEN_TC,30,SFD,I
642,GEN_TC,40,BFD,I
642,GEN_TC,50,CA1,I
642,GEN_TC,60,A1,I
642,GEN_TC,70,CA0,I
642,GEN_TC,80,A0,I
642,GEN_TC,90,AINTPR,I
642,GEN_TC,100,CM0,I
642,GEN_TC,110,CM1,I
642,GEN_TC,120,P1,I
642,GEN_TC,130,CP1,I
642,GEN_TC,140,P0,I
642,GEN_TC,150,CP0,I
642,GEN_TC,160,USEP1,I
642,GEN_TC,170,USECP1,I
642,GEN_TC,180,USEP0,I
642,GEN_TC,190,USECP0,I
642,GEN_TC,200,NSF,I
642,GEN_TC,210,FBERREXT,I
642,GEN_TC,220,BLFD,I
642,GEN_TC,230,TRIP,I
642,GEN_TC,240,SAFEP,I
642,GEN_TC,250,CAS,I
642,GEN_TC,260,CSS,I
642,GEN_TC,270,CMS,I
642,GEN_TC,280,CBS,I
642,GEN_TC,290,TON,I
642,GEN_TC,300,TOFF,I
642,GEN_TC,310,IN_M,I
642,GEN_TC,320,IN_A,I
642,GEN_TC,330,AALBL,I
642,GEN_TC,340,SALBL,I
642,GEN_TC,360,MALBL,I
642,GEN_TC,370,BALBL,I
642,GEN_TC,380,NSFALBL,I
642,GEN_TC,390,OB2_A,I
642,GEN_TC,400,OB2_I1,I
642,GEN_TC,410,STB_ST,I
642,GEN_TC,490,MMC_O1,I
642,GEN_TC,420,MMC_O0,I
642,GEN_TC,430,OBJREDM,I
642,GEN_TC,500,OBJTYPE1,I
642,GEN_TC,580,O1,O
642,GEN_TC,600,O0,O
642,GEN_TC,610,AUTO,O
642,GEN_TC,590,MAN,O
642,GEN_TC,620,STBY,O
642,GEN_TC,630,BLKD,O
642,GEN_TC,640,FBERR,O
642,GEN_TC,650,CHNG,O
642,GEN_TC,660,I1,O
642,GEN_TC,670,I0,O
642,GEN_TC,680,CHNG_TO1,O
642,GEN_TC,690,CHNG_TO0,O
642,GEN_TC,700,MMC_M1,O
642,GEN_TC,720,MMC_M0,O
642,GEN_TC,730,MODE_AL,O
642,GEN_TC,740,NSF_AL,O
642,GEN_TC,750,TRIP_AL,O
700050,GET_SET_QTY,10,DI,I
700050,GET_SET_QTY,20,AI,I
700050,GET_SET_QTY,30,GOD,I
700050,GET_SET_QTY,40,GFO,I
700050,GET_SET_QTY,50,UNC,I
700050,GET_SET_QTY,60,ULV,I
700050,GET_SET_QTY,70,BAD,I
700050,GET_SET_QTY,80,BAD_LL,I
700050,GET_SET_QTY,90,BAD_LH,I
700050,GET_SET_QTY,100,BCE,I
700050,GET_SET_QTY,110,BNC,I
700050,GET_SET_QTY,120,BLV,I
700050,GET_SET_QTY,130,BOS,I
700050,GET_SET_QTY,140,BSF,I
700050,GET_SET_QTY,150,BCF,I
700050,GET_SET_QTY,1010,DO,O
700050,GET_SET_QTY,1020,AO,O
700050,GET_SET_QTY,1030,GOD_O,O
700050,GET_SET_QTY,1040,GFO_O,O
700050,GET_SET_QTY,1050,UNC_O,O
700050,GET_SET_QTY,1060,ULV_O,O
700050,GET_SET_QTY,1070,BAD_O,O
700050,GET_SET_QTY,1080,BAD_LL_O,O
700050,GET_SET_QTY,1090,BAD_LH_O,O
700050,GET_SET_QTY,1100,BCE_O,O
700050,GET_SET_QTY,1110,BNC_O,O
700050,GET_SET_QTY,1120,BLV_O,O
700050,GET_SET_QTY,1130,BOS_O,O
700050,GET_SET_QTY,1140,BSF_O,O
700050,GET_SET_QTY,1150,BCF_O,O
700051,GET_ACK_STATE,10,IN,I
700051,GET_ACK_STATE,20,ACKNOW,O
700060,QCMERGE,10,D_PV,I
700060,QCMERGE,20,A_PV,I
700060,QCMERGE,30,QC_PV,I
700060,QCMERGE,40,QCODE,I
700060,QCMERGE,1010,DI_PV,O
700060,QCMERGE,1020,AI_PV,O
700060,QCMERGE,1030,Q1,O
700060,QCMERGE,1040,Q2,O
700060,QCMERGE,1050,Q3,O
700060,QCMERGE,1060,Q4,O
700061,QCDIVERGE,10,D_PV,I
700061,QCDIVERGE,20,A_PV,I
700061,QCDIVERGE,40,QCODE,I
700061,QCDIVERGE,1010,DO_PV,O
700061,QCDIVERGE,1020,AO_PV,O
700061,QCDIVERGE,1030,QC_PV,O
700062,CRC_CALC,100,FD_GEN,I
700062,CRC_CALC,130,CRC_ON,I
700062,CRC_CALC,120,CRC_MODE,I
700062,CRC_CALC,90,CRC_OFFSET,I
700062,CRC_CALC,140,CRC_LEN,I
700062,CRC_CALC,150,CRC_VAL_OFFSET,I
700062,CRC_CALC,160,CRC_START,I
700062,CRC_CALC,170,CRC_POLY,I
700062,CRC_CALC,180,CRC_ORDER,I
700062,CRC_CALC,190,LC_ON,I
700062,CRC_CALC,200,LC_OFFSET_INPUT,I
700062,CRC_CALC,210,LC_OFFSET_OUTPUT,I
700062,CRC_CALC,220,LC_DELAY_TIME,I
700062,CRC_CALC,230,TRBL_AL,O
700062,CRC_CALC,240,CRC_ERROR,O
700062,CRC_CALC,250,CRC_VALUE,O
700062,CRC_CALC,260,CRC_SOURCE_VALUE,O
700062,CRC_CALC,270,CRC_RESULT,O
700062,CRC_CALC,280,LC_VALUE_INPUT,O
700062,CRC_CALC,290,LC_VALUE_OUTPUT,O
700062,CRC_CALC,300,LC_ERROR,O
CC_2oo3B_zF9ERg_1,2oo3BI,10,IN1,I
CC_2oo3B_zF9ERg_1,2oo3BI,20,IN2,I
CC_2oo3B_zF9ERg_1,2oo3BI,30,IN3,I
CC_2oo3B_zF9ERg_1,2oo3BI,40,OUT,O
CC_A1V2__CUeUTQ_2,A1V2,730,X1,I
CC_A1V2__CUeUTQ_2,A1V2,740,X2,I
CC_A1V2__CUeUTQ_2,A1V2,750,L,I
CC_A1V2__CUeUTQ_2,A1V2,760,T,I
CC_A1V2__CUeUTQ_2,A1V2,800,IF1,I
CC_A1V2__CUeUTQ_2,A1V2,810,IF2,I
CC_A1V2__CUeUTQ_2,A1V2,770,Y,O
CC_A1V2__CUeUTQ_2,A1V2,700,DEV_AL,O
CC_A1V2__CUeUTQ_2,A1V2,710,DEV_AL1,O
CC_A1V2__CUeUTQ_2,A1V2,720,DEV_AL2,O
CC_A1VN__OEeUTQ_2,A1VN,710,X1,I
CC_A1VN__OEeUTQ_2,A1VN,720,X2,I
CC_A1VN__OEeUTQ_2,A1VN,730,X3,I
CC_A1VN__OEeUTQ_2,A1VN,740,L,I
CC_A1VN__OEeUTQ_2,A1VN,750,T,I
CC_A1VN__OEeUTQ_2,A1VN,800,IF1,I
CC_A1VN__OEeUTQ_2,A1VN,810,IF2,I
CC_A1VN__OEeUTQ_2,A1VN,820,IF3,I
CC_A1VN__OEeUTQ_2,A1VN,640,DEV_AL1,O
CC_A1VN__OEeUTQ_2,A1VN,650,DEV_AL2,O
CC_A1VN__OEeUTQ_2,A1VN,660,DEV_AL3,O
CC_A1VN__OEeUTQ_2,A1VN,830,Y,O
CC_ADD_4_7GVERg_1,ADD_4,20,IN1,I
CC_ADD_4_7GVERg_1,ADD_4,30,IN2,I
CC_ADD_4_7GVERg_1,ADD_4,40,IN3,I
CC_ADD_4_7GVERg_1,ADD_4,50,IN4,I
CC_ADD_4_7GVERg_1,ADD_4,10,OUT,O
CC_ADD_8_+2VERg_1,ADD_8,10,IN1,I
CC_ADD_8_+2VERg_1,ADD_8,20,IN2,I
CC_ADD_8_+2VERg_1,ADD_8,30,IN3,I
CC_ADD_8_+2VERg_1,ADD_8,40,IN4,I
CC_ADD_8_+2VERg_1,ADD_8,50,IN5,I
CC_ADD_8_+2VERg_1,ADD_8,60,IN6,I
CC_ADD_8_+2VERg_1,ADD_8,70,IN7,I
CC_ADD_8_+2VERg_1,ADD_8,80,IN8,I
CC_ADD_8_+2VERg_1,ADD_8,90,OUT,O
CC_AND_1_qSlIRg_1,AND_16,10,IN1,I
CC_AND_1_qSlIRg_1,AND_16,20,IN2,I
CC_AND_1_qSlIRg_1,AND_16,30,IN3,I
CC_AND_1_qSlIRg_1,AND_16,40,IN4,I
CC_AND_1_qSlIRg_1,AND_16,50,IN5,I
CC_AND_1_qSlIRg_1,AND_16,60,IN6,I
CC_AND_1_qSlIRg_1,AND_16,70,IN7,I
CC_AND_1_qSlIRg_1,AND_16,80,IN8,I
CC_AND_1_qSlIRg_1,AND_16,90,IN9,I
CC_AND_1_qSlIRg_1,AND_16,100,IN10,I
CC_AND_1_qSlIRg_1,AND_16,110,IN11,I
CC_AND_1_qSlIRg_1,AND_16,120,IN12,I
CC_AND_1_qSlIRg_1,AND_16,130,IN13,I
CC_AND_1_qSlIRg_1,AND_16,140,IN14,I
CC_AND_1_qSlIRg_1,AND_16,150,IN15,I
CC_AND_1_qSlIRg_1,AND_16,160,IN16,I
CC_AND_1_qSlIRg_1,AND_16,170,OUT,O
CC_AND_2_gypIRg_1,AND_24,10,IN1,I
CC_AND_2_gypIRg_1,AND_24,20,IN2,I
CC_AND_2_gypIRg_1,AND_24,30,IN3,I
CC_AND_2_gypIRg_1,AND_24,40,IN4,I
CC_AND_2_gypIRg_1,AND_24,50,IN5,I
CC_AND_2_gypIRg_1,AND_24,60,IN6,I
CC_AND_2_gypIRg_1,AND_24,70,IN7,I
CC_AND_2_gypIRg_1,AND_24,80,IN8,I
CC_AND_2_gypIRg_1,AND_24,90,IN9,I
CC_AND_2_gypIRg_1,AND_24,100,IN10,I
CC_AND_2_gypIRg_1,AND_24,110,IN11,I
CC_AND_2_gypIRg_1,AND_24,120,IN12,I
CC_AND_2_gypIRg_1,AND_24,130,IN13,I
CC_AND_2_gypIRg_1,AND_24,140,IN14,I
CC_AND_2_gypIRg_1,AND_24,150,IN15,I
CC_AND_2_gypIRg_1,AND_24,160,IN16,I
CC_AND_2_gypIRg_1,AND_24,170,IN17,I
CC_AND_2_gypIRg_1,AND_24,180,IN18,I
CC_AND_2_gypIRg_1,AND_24,190,IN19,I
CC_AND_2_gypIRg_1,AND_24,200,IN20,I
CC_AND_2_gypIRg_1,AND_24,210,IN21,I
CC_AND_2_gypIRg_1,AND_24,220,IN22,I
CC_AND_2_gypIRg_1,AND_24,230,IN23,I
CC_AND_2_gypIRg_1,AND_24,240,IN24,I
CC_AND_2_gypIRg_1,AND_24,250,OUT,O
CC_AND_3_/SJIRg_1,AND_32,10,IN1,I
CC_AND_3_/SJIRg_1,AND_32,20,IN2,I
CC_AND_3_/SJIRg_1,AND_32,30,IN3,I
CC_AND_3_/SJIRg_1,AND_32,40,IN4,I
CC_AND_3_/SJIRg_1,AND_32,50,IN5,I
CC_AND_3_/SJIRg_1,AND_32,60,IN6,I
CC_AND_3_/SJIRg_1,AND_32,70,IN7,I
CC_AND_3_/SJIRg_1,AND_32,80,IN8,I
CC_AND_3_/SJIRg_1,AND_32,90,IN9,I
CC_AND_3_/SJIRg_1,AND_32,100,IN10,I
CC_AND_3_/SJIRg_1,AND_32,110,IN11,I
CC_AND_3_/SJIRg_1,AND_32,120,IN12,I
CC_AND_3_/SJIRg_1,AND_32,130,IN13,I
CC_AND_3_/SJIRg_1,AND_32,140,IN14,I
CC_AND_3_/SJIRg_1,AND_32,150,IN15,I
CC_AND_3_/SJIRg_1,AND_32,160,IN16,I
CC_AND_3_/SJIRg_1,AND_32,170,IN17,I
CC_AND_3_/SJIRg_1,AND_32,180,IN18,I
CC_AND_3_/SJIRg_1,AND_32,190,IN19,I
CC_AND_3_/SJIRg_1,AND_32,200,IN20,I
CC_AND_3_/SJIRg_1,AND_32,210,IN21,I
CC_AND_3_/SJIRg_1,AND_32,220,IN22,I
CC_AND_3_/SJIRg_1,AND_32,230,IN23,I
CC_AND_3_/SJIRg_1,AND_32,240,IN24,I
CC_AND_3_/SJIRg_1,AND_32,260,IN25,I
CC_AND_3_/SJIRg_1,AND_32,270,IN26,I
CC_AND_3_/SJIRg_1,AND_32,280,IN27,I
CC_AND_3_/SJIRg_1,AND_32,290,IN28,I
CC_AND_3_/SJIRg_1,AND_32,300,IN29,I
CC_AND_3_/SJIRg_1,AND_32,310,IN30,I
CC_AND_3_/SJIRg_1,AND_32,320,IN31,I
CC_AND_3_/SJIRg_1,AND_32,330,IN32,I
CC_AND_3_/SJIRg_1,AND_32,340,OUT,O
CC_ANTIV_eiRIRg_1,ANTIVAL,200,IN1,I
CC_ANTIV_eiRIRg_1,ANTIVAL,210,IN2,I
CC_ANTIV_eiRIRg_1,ANTIVAL,220,IN3,I
CC_ANTIV_eiRIRg_1,ANTIVAL,230,T_MON,I
CC_ANTIV_eiRIRg_1,ANTIVAL,240,BASE,I
CC_ANTIV_eiRIRg_1,ANTIVAL,250,OUT,O
CC_ANTIV_KpFPSQ_1,ANTIVAL+,30,IN1,I
CC_ANTIV_KpFPSQ_1,ANTIVAL+,40,IN2,I
CC_ANTIV_KpFPSQ_1,ANTIVAL+,50,IN3,I
CC_ANTIV_KpFPSQ_1,ANTIVAL+,10,T_MON,I
CC_ANTIV_KpFPSQ_1,ANTIVAL+,20,BASE,I
CC_ANTIV_KpFPSQ_1,ANTIVAL+,60,OUT,O
CC_ANTIV_KpFPSQ_1,ANTIVAL+,70,FLT1,O
CC_ANTIV_KpFPSQ_1,ANTIVAL+,80,FLT2,O
CC_ANTIV_KpFPSQ_1,ANTIVAL+,90,FLT3,O
CC_AO_HW_ek1zVA_1,AO_HW,140,IN,I
CC_AO_HW_ek1zVA_1,AO_HW,150,EXT_FLT,I
CC_AO_HW_ek1zVA_1,AO_HW,160,UL,I
CC_AO_HW_ek1zVA_1,AO_HW,170,LL,I
CC_AO_HW_ek1zVA_1,AO_HW,180,EU,I
CC_AO_HW_ek1zVA_1,AO_HW,190,SUB_VC,I
CC_AO_HW_ek1zVA_1,AO_HW,210,OUT,O
CC_AO_HW_ek1zVA_1,AO_HW,220,NTRBL,O
CC_AVER__B2ZERg_1,AVER_12,40,IN1,I
CC_AVER__B2ZERg_1,AVER_12,160,FLT1,I
CC_AVER__B2ZERg_1,AVER_12,50,IN2,I
CC_AVER__B2ZERg_1,AVER_12,170,FLT2,I
CC_AVER__B2ZERg_1,AVER_12,60,IN3,I
CC_AVER__B2ZERg_1,AVER_12,180,FLT3,I
CC_AVER__B2ZERg_1,AVER_12,70,IN4,I
CC_AVER__B2ZERg_1,AVER_12,190,FLT4,I
CC_AVER__B2ZERg_1,AVER_12,80,IN5,I
CC_AVER__B2ZERg_1,AVER_12,200,FLT5,I
CC_AVER__B2ZERg_1,AVER_12,90,IN6,I
CC_AVER__B2ZERg_1,AVER_12,210,FLT6,I
CC_AVER__B2ZERg_1,AVER_12,100,IN7,I
CC_AVER__B2ZERg_1,AVER_12,220,FLT7,I
CC_AVER__B2ZERg_1,AVER_12,110,IN8,I
CC_AVER__B2ZERg_1,AVER_12,230,FLT8,I
CC_AVER__B2ZERg_1,AVER_12,120,IN9,I
CC_AVER__B2ZERg_1,AVER_12,240,FLT9,I
CC_AVER__B2ZERg_1,AVER_12,130,IN10,I
CC_AVER__B2ZERg_1,AVER_12,250,FLT10,I
CC_AVER__B2ZERg_1,AVER_12,140,IN11,I
CC_AVER__B2ZERg_1,AVER_12,260,FLT11,I
CC_AVER__B2ZERg_1,AVER_12,150,IN12,I
CC_AVER__B2ZERg_1,AVER_12,270,FLT12,I
CC_AVER__B2ZERg_1,AVER_12,30,OUT,O
CC_AVER__B2ZERg_1,AVER_12,20,SUM,O
CC_AVER__B2ZERg_1,AVER_12,10,N,O
CC_AVER__B2ZERg_1,AVER_12,280,TRBL_AL,O
CC_AXFR__6vkUVg_1,ANA_ARRAY,630,EN_AUTO,I
CC_AXFR__6vkUVg_1,ANA_ARRAY,640,UP_DOWN,I
CC_AXFR__6vkUVg_1,ANA_ARRAY,650,N_MAX,I
CC_AXFR__6vkUVg_1,ANA_ARRAY,660,N_MIN,I
CC_AXFR__6vkUVg_1,ANA_ARRAY,670,N,I
CC_AXFR__6vkUVg_1,ANA_ARRAY,680,SET_N,I
CC_AXFR__6vkUVg_1,ANA_ARRAY,690,X01,I
CC_AXFR__6vkUVg_1,ANA_ARRAY,700,X02,I
CC_AXFR__6vkUVg_1,ANA_ARRAY,710,X03,I
CC_AXFR__6vkUVg_1,ANA_ARRAY,720,X04,I
CC_AXFR__6vkUVg_1,ANA_ARRAY,730,X05,I
CC_AXFR__6vkUVg_1,ANA_ARRAY,740,X06,I
CC_AXFR__6vkUVg_1,ANA_ARRAY,750,X07,I
CC_AXFR__6vkUVg_1,ANA_ARRAY,760,X08,I
CC_AXFR__6vkUVg_1,ANA_ARRAY,770,X09,I
CC_AXFR__6vkUVg_1,ANA_ARRAY,780,X10,I
CC_AXFR__6vkUVg_1,ANA_ARRAY,790,X11,I
CC_AXFR__6vkUVg_1,ANA_ARRAY,800,X12,I
CC_AXFR__6vkUVg_1,ANA_ARRAY,810,X13,I
CC_AXFR__6vkUVg_1,ANA_ARRAY,820,X14,I
CC_AXFR__6vkUVg_1,ANA_ARRAY,830,X15,I
CC_AXFR__6vkUVg_1,ANA_ARRAY,840,X16,I
CC_AXFR__6vkUVg_1,ANA_ARRAY,850,X17,I
CC_AXFR__6vkUVg_1,ANA_ARRAY,860,X18,I
CC_AXFR__6vkUVg_1,ANA_ARRAY,870,X19,I
CC_AXFR__6vkUVg_1,ANA_ARRAY,880,X20,I
CC_AXFR__6vkUVg_1,ANA_ARRAY,890,Y01,I
CC_AXFR__6vkUVg_1,ANA_ARRAY,900,Y02,I
CC_AXFR__6vkUVg_1,ANA_ARRAY,910,Y03,I
CC_AXFR__6vkUVg_1,ANA_ARRAY,920,Y04,I
CC_AXFR__6vkUVg_1,ANA_ARRAY,930,Y05,I
CC_AXFR__6vkUVg_1,ANA_ARRAY,940,Y06,I
CC_AXFR__6vkUVg_1,ANA_ARRAY,950,Y07,I
CC_AXFR__6vkUVg_1,ANA_ARRAY,960,Y08,I
CC_AXFR__6vkUVg_1,ANA_ARRAY,970,Y09,I
CC_AXFR__6vkUVg_1,ANA_ARRAY,980,Y10,I
CC_AXFR__6vkUVg_1,ANA_ARRAY,990,Y11,I
CC_AXFR__6vkUVg_1,ANA_ARRAY,1000,Y12,I
CC_AXFR__6vkUVg_1,ANA_ARRAY,1010,Y13,I
CC_AXFR__6vkUVg_1,ANA_ARRAY,1020,Y14,I
CC_AXFR__6vkUVg_1,ANA_ARRAY,1030,Y15,I
CC_AXFR__6vkUVg_1,ANA_ARRAY,1040,Y16,I
CC_AXFR__6vkUVg_1,ANA_ARRAY,1050,Y17,I
CC_AXFR__6vkUVg_1,ANA_ARRAY,1060,Y18,I
CC_AXFR__6vkUVg_1,ANA_ARRAY,1070,Y19,I
CC_AXFR__6vkUVg_1,ANA_ARRAY,1080,Y20,I
CC_AXFR__6vkUVg_1,ANA_ARRAY,1090,ACT_N,O
CC_AXFR__6vkUVg_1,ANA_ARRAY,1100,X_OUT,O
CC_AXFR__6vkUVg_1,ANA_ARRAY,1110,Y_OUT,O
CC_AXFR__6vkUVg_1,ANA_ARRAY,1120,TD_UP,O
CC_AXFR__6vkUVg_1,ANA_ARRAY,1130,TD_DOWN,O
CC_AXFR__bEPSUw_1,AXFR_4,10,IN_0,I
CC_AXFR__bEPSUw_1,AXFR_4,20,IN_1,I
CC_AXFR__bEPSUw_1,AXFR_4,30,IN_2,I
CC_AXFR__bEPSUw_1,AXFR_4,40,IN_3,I
CC_AXFR__bEPSUw_1,AXFR_4,50,IN_4,I
CC_AXFR__bEPSUw_1,AXFR_4,60,SEL1,I
CC_AXFR__bEPSUw_1,AXFR_4,70,SEL2,I
CC_AXFR__bEPSUw_1,AXFR_4,80,SEL3,I
CC_AXFR__bEPSUw_1,AXFR_4,90,SEL4,I
CC_AXFR__bEPSUw_1,AXFR_4,100,OUT,O
CC_BCD4__eWD0Tw_1,BCD4_B,10,BIT 0,I
CC_BCD4__eWD0Tw_1,BCD4_B,20,BIT 1,I
CC_BCD4__eWD0Tw_1,BCD4_B,30,BIT 2,I
CC_BCD4__eWD0Tw_1,BCD4_B,40,BIT 3,I
CC_BCD4__eWD0Tw_1,BCD4_B,50,OUT0,O
CC_BCD4__eWD0Tw_1,BCD4_B,60,OUT1,O
CC_BCD4__eWD0Tw_1,BCD4_B,70,OUT2,O
CC_BCD4__eWD0Tw_1,BCD4_B,80,OUT3,O
CC_BCD4__eWD0Tw_1,BCD4_B,90,OUT4,O
CC_BCD4__eWD0Tw_1,BCD4_B,100,OUT5,O
CC_BCD4__eWD0Tw_1,BCD4_B,110,OUT6,O
CC_BCD4__eWD0Tw_1,BCD4_B,120,OUT7,O
CC_BCD4__eWD0Tw_1,BCD4_B,130,OUT8,O
CC_BCD4__eWD0Tw_1,BCD4_B,140,OUT9,O
CC_BCD4__eWD0Tw_1,BCD4_B,150,OUT10,O
CC_BCD4__eWD0Tw_1,BCD4_B,160,OUT11,O
CC_BCD4__eWD0Tw_1,BCD4_B,170,OUT12,O
CC_BCD4__eWD0Tw_1,BCD4_B,180,OUT13,O
CC_BCD4__eWD0Tw_1,BCD4_B,190,OUT14,O
CC_BCD4__eWD0Tw_1,BCD4_B,200,OUT15,O
CC_BCD4__I170Tw_0,BCD4_R,10,BIT 0,I
CC_BCD4__I170Tw_0,BCD4_R,20,BIT 1,I
CC_BCD4__I170Tw_0,BCD4_R,30,BIT 2,I
CC_BCD4__I170Tw_0,BCD4_R,50,BIT 3,I
CC_BCD4__I170Tw_0,BCD4_R,70,UL,I
CC_BCD4__I170Tw_0,BCD4_R,80,LL,I
CC_BCD4__I170Tw_0,BCD4_R,90,EU,I
CC_BCD4__I170Tw_0,BCD4_R,100,OUT,O
CC_BIN_E_HMY7Tw_1,BIN_EXT,1200,FB_OPEN,I
CC_BIN_E_HMY7Tw_1,BIN_EXT,1210,FB_CLOSE,I
CC_BIN_E_HMY7Tw_1,BIN_EXT,1220,FB_TRBL,I
CC_BIN_E_HMY7Tw_1,BIN_EXT,1280,SUB_OP,I
CC_BIN_E_HMY7Tw_1,BIN_EXT,1290,SUBV_NOP,I
CC_BIN_E_HMY7Tw_1,BIN_EXT,1300,SUB_CL,I
CC_BIN_E_HMY7Tw_1,BIN_EXT,1310,SUBV_NCL,I
CC_BIN_E_HMY7Tw_1,BIN_EXT,1230,OPENED,O
CC_BIN_E_HMY7Tw_1,BIN_EXT,1240,NOPENED,O
CC_BIN_E_HMY7Tw_1,BIN_EXT,1250,CLOSED,O
CC_BIN_E_HMY7Tw_1,BIN_EXT,1260,NCLOSED,O
CC_BIN_E_HMY7Tw_1,BIN_EXT,1270,TRBL_AL,O
CC_CMD_F_OrnSVw_0,CMD_FB_1oo2,10,CMD,I
CC_CMD_F_OrnSVw_0,CMD_FB_1oo2,20,HW CMD,I
CC_CMD_F_OrnSVw_0,CMD_FB_1oo2,30,TIME,I
CC_CMD_F_OrnSVw_0,CMD_FB_1oo2,40,BASE,I
CC_CMD_F_OrnSVw_0,CMD_FB_1oo2,50,CMD DEV,O
CC_CMD_F_OrnSVw_0,CMD_FB_1oo2,60,DIAG FLT,O
CC_CMD_F_Qop1UA_2,CMD_FB_2oo3,110,CMD,I
CC_CMD_F_Qop1UA_2,CMD_FB_2oo3,260,CMD1,I
CC_CMD_F_Qop1UA_2,CMD_FB_2oo3,270,CMD2,I
CC_CMD_F_Qop1UA_2,CMD_FB_2oo3,280,CMD3,I
CC_CMD_F_Qop1UA_2,CMD_FB_2oo3,290,TIME,I
CC_CMD_F_Qop1UA_2,CMD_FB_2oo3,230,BASE,I
CC_CMD_F_Qop1UA_2,CMD_FB_2oo3,240,CMD DEV,O
CC_CMD_F_Qop1UA_2,CMD_FB_2oo3,250,DIAG FLT,O
CC_CTRLS_GmZERg_2,CTRLSP,10,IN,I
CC_CTRLS_GmZERg_2,CTRLSP,110,TB_RR,I
CC_CTRLS_GmZERg_2,CTRLSP,80,RR_UP,I
CC_CTRLS_GmZERg_2,CTRLSP,40,RR_DOWN,I
CC_CTRLS_GmZERg_2,CTRLSP,20,UL,I
CC_CTRLS_GmZERg_2,CTRLSP,30,LL,I
CC_CTRLS_GmZERg_2,CTRLSP,100,TRACKV,I
CC_CTRLS_GmZERg_2,CTRLSP,50,CTRACK,I
CC_CTRLS_GmZERg_2,CTRLSP,90,STOP,I
CC_CTRLS_GmZERg_2,CTRLSP,160,OUT,O
CC_CTRLS_GmZERg_2,CTRLSP,130,Q_G,O
CC_CTRLS_GmZERg_2,CTRLSP,140,Q_E,O
CC_CTRLS_GmZERg_2,CTRLSP,150,Q_L,O
CC_CTRLS_GmZERg_2,CTRLSP,60,OUT_UL,O
CC_CTRLS_GmZERg_2,CTRLSP,70,OUT_LL,O
CC_CYCLE_lIgbVg_1,CYCLE,580,OUT,O
CC_CYCLE_lIgbVg_1,CYCLE,590,CP,O
CC_D_FF__fLrxSQ_1,D_FF,10,D,I
CC_D_FF__fLrxSQ_1,D_FF,20,C,I
CC_D_FF__fLrxSQ_1,D_FF,30,Q,O
CC_D_FF__fLrxSQ_1,D_FF,40,Q_N,O
CC_DEVLI_u8NxTw_1,DEVLIM,10,IN1,I
CC_DEVLI_u8NxTw_1,DEVLIM,20,IN2,I
CC_DEVLI_u8NxTw_1,DEVLIM,30,LV1,I
CC_DEVLI_u8NxTw_1,DEVLIM,40,LV2,I
CC_DEVLI_u8NxTw_1,DEVLIM,50,LV3,I
CC_DEVLI_u8NxTw_1,DEVLIM,190,DB,I
CC_DEVLI_u8NxTw_1,DEVLIM,220,T_DY_LV1,I
CC_DEVLI_u8NxTw_1,DEVLIM,230,T_DY_LV2,I
CC_DEVLI_u8NxTw_1,DEVLIM,240,T_DY_LV3,I
CC_DEVLI_u8NxTw_1,DEVLIM,260,BL_Q1,I
CC_DEVLI_u8NxTw_1,DEVLIM,270,BL_Q2,I
CC_DEVLI_u8NxTw_1,DEVLIM,280,BL_Q3,I
CC_DEVLI_u8NxTw_1,DEVLIM,290,BL_ALL,I
CC_DEVLI_u8NxTw_1,DEVLIM,380,LOW_HI,I
CC_DEVLI_u8NxTw_1,DEVLIM,390,MODE,I
CC_DEVLI_u8NxTw_1,DEVLIM,330,DEV,O
CC_DEVLI_u8NxTw_1,DEVLIM,400,Q1,O
CC_DEVLI_u8NxTw_1,DEVLIM,410,Q2,O
CC_DEVLI_u8NxTw_1,DEVLIM,420,Q3,O
CC_DIFF__QWZERg_1,DIFF_2,10,IN1,I
CC_DIFF__QWZERg_1,DIFF_2,70,FLT1,I
CC_DIFF__QWZERg_1,DIFF_2,20,IN2,I
CC_DIFF__QWZERg_1,DIFF_2,80,FLT2,I
CC_DIFF__QWZERg_1,DIFF_2,30,LV,I
CC_DIFF__QWZERg_1,DIFF_2,40,DB,I
CC_DIFF__QWZERg_1,DIFF_2,50,T_MON,I
CC_DIFF__QWZERg_1,DIFF_2,60,BASE,I
CC_DIFF__QWZERg_1,DIFF_2,90,OUT,O
CC_DIFF__TGZERg_1,DIFF_3,10,IN1,I
CC_DIFF__TGZERg_1,DIFF_3,80,FLT1,I
CC_DIFF__TGZERg_1,DIFF_3,20,IN2,I
CC_DIFF__TGZERg_1,DIFF_3,90,FLT2,I
CC_DIFF__TGZERg_1,DIFF_3,30,IN3,I
CC_DIFF__TGZERg_1,DIFF_3,100,FLT3,I
CC_DIFF__TGZERg_1,DIFF_3,40,LV,I
CC_DIFF__TGZERg_1,DIFF_3,50,DB,I
CC_DIFF__TGZERg_1,DIFF_3,60,T_MON,I
CC_DIFF__TGZERg_1,DIFF_3,70,BASE,I
CC_DIFF__TGZERg_1,DIFF_3,110,OUT,O
CC_DIFF__WmZERg_1,DIFF_3+,10,IN1,I
CC_DIFF__WmZERg_1,DIFF_3+,60,FLT1,I
CC_DIFF__WmZERg_1,DIFF_3+,20,IN2,I
CC_DIFF__WmZERg_1,DIFF_3+,70,FLT2,I
CC_DIFF__WmZERg_1,DIFF_3+,30,IN3,I
CC_DIFF__WmZERg_1,DIFF_3+,80,FLT3,I
CC_DIFF__WmZERg_1,DIFF_3+,40,LV,I
CC_DIFF__WmZERg_1,DIFF_3+,50,DB,I
CC_DIFF__WmZERg_1,DIFF_3+,90,CH1 OK,O
CC_DIFF__WmZERg_1,DIFF_3+,100,CH2 OK,O
CC_DIFF__WmZERg_1,DIFF_3+,110,CH3 OK,O
CC_DYN_O_OL7UTQ_0,DYN_OR_4,10,IN1_HI,I
CC_DYN_O_OL7UTQ_0,DYN_OR_4,60,IN1_LO,I
CC_DYN_O_OL7UTQ_0,DYN_OR_4,20,IN2_HI,I
CC_DYN_O_OL7UTQ_0,DYN_OR_4,70,IN2_LO,I
CC_DYN_O_OL7UTQ_0,DYN_OR_4,30,IN3_HI,I
CC_DYN_O_OL7UTQ_0,DYN_OR_4,40,IN3_LO,I
CC_DYN_O_OL7UTQ_0,DYN_OR_4,50,IN4_HI,I
CC_DYN_O_OL7UTQ_0,DYN_OR_4,80,IN4_LO,I
CC_DYN_O_OL7UTQ_0,DYN_OR_4,90,DYN_OUT,O
CC_DYN_O_Vw9CSg_0,DYN_OR_8,210,IN1_HI,I
CC_DYN_O_Vw9CSg_0,DYN_OR_8,220,IN1_LO,I
CC_DYN_O_Vw9CSg_0,DYN_OR_8,230,IN2_HI,I
CC_DYN_O_Vw9CSg_0,DYN_OR_8,240,IN2_LO,I
CC_DYN_O_Vw9CSg_0,DYN_OR_8,250,IN3_HI,I
CC_DYN_O_Vw9CSg_0,DYN_OR_8,260,IN3_LO,I
CC_DYN_O_Vw9CSg_0,DYN_OR_8,270,IN4_HI,I
CC_DYN_O_Vw9CSg_0,DYN_OR_8,280,IN4_LO,I
CC_DYN_O_Vw9CSg_0,DYN_OR_8,290,IN5_HI,I
CC_DYN_O_Vw9CSg_0,DYN_OR_8,300,IN5_LO,I
CC_DYN_O_Vw9CSg_0,DYN_OR_8,310,IN6_HI,I
CC_DYN_O_Vw9CSg_0,DYN_OR_8,320,IN6_LO,I
CC_DYN_O_Vw9CSg_0,DYN_OR_8,330,IN7_HI,I
CC_DYN_O_Vw9CSg_0,DYN_OR_8,340,IN7_LO,I
CC_DYN_O_Vw9CSg_0,DYN_OR_8,350,IN8_HI,I
CC_DYN_O_Vw9CSg_0,DYN_OR_8,360,IN8_LO,I
CC_DYN_O_Vw9CSg_0,DYN_OR_8,370,DYN_OUT,O
CC_DYNLI_L5TDTQ_2,DYNLIM,10,IN,I
CC_DYNLI_L5TDTQ_2,DYNLIM,90,GRD_UP,I
CC_DYNLI_L5TDTQ_2,DYNLIM,110,GRD_DWN,I
CC_DYNLI_L5TDTQ_2,DYNLIM,120,JMP_UP,I
CC_DYNLI_L5TDTQ_2,DYNLIM,130,JMP_DWN,I
CC_DYNLI_L5TDTQ_2,DYNLIM,80,OUT,O
CC_EDGE__69z7Sg_1,EDGE,10,IN,I
CC_EDGE__69z7Sg_1,EDGE,20,OUT_P,O
CC_EDGE__69z7Sg_1,EDGE,30,OUT_N,O
CC_Exclu_uHE7Rw_0,ExclusiveText,10,Q1,I
CC_Exclu_uHE7Rw_0,ExclusiveText,20,Q2,I
CC_Exclu_uHE7Rw_0,ExclusiveText,30,Q3,I
CC_Exclu_uHE7Rw_0,ExclusiveText,40,Q4,I
CC_Exclu_uHE7Rw_0,ExclusiveText,50,Q5,I
CC_Exclu_uHE7Rw_0,ExclusiveText,60,Q6,I
CC_Exclu_uHE7Rw_0,ExclusiveText,70,Q7,I
CC_Exclu_uHE7Rw_0,ExclusiveText,80,Q8,I
CC_Exclu_uHE7Rw_0,ExclusiveText,90,Q9,I
CC_Exclu_uHE7Rw_0,ExclusiveText,100,Q10,I
CC_Exclu_uHE7Rw_0,ExclusiveText,110,Q11,I
CC_Exclu_uHE7Rw_0,ExclusiveText,120,Q12,I
CC_Exclu_uHE7Rw_0,ExclusiveText,130,Q13,I
CC_Exclu_uHE7Rw_0,ExclusiveText,140,Q14,I
CC_Exclu_uHE7Rw_0,ExclusiveText,150,Q15,I
CC_Exclu_uHE7Rw_0,ExclusiveText,160,Q16,I
CC_Exclu_uHE7Rw_0,ExclusiveText,170,Q17,I
CC_Exclu_uHE7Rw_0,ExclusiveText,180,Q18,I
CC_Exclu_uHE7Rw_0,ExclusiveText,190,Q19,I
CC_Exclu_uHE7Rw_0,ExclusiveText,200,Q20,I
CC_Exclu_uHE7Rw_0,ExclusiveText,210,SET,O
CC_FREE__0nSzSw_1,FREE_STEP,110,STEP,I
CC_FREE__0nSzSw_1,FREE_STEP,130,T_WAIT,I
CC_FREE__0nSzSw_1,FREE_STEP,140,WT_BASE,I
CC_FREE__0nSzSw_1,FREE_STEP,150,T_MON,I
CC_FREE__0nSzSw_1,FREE_STEP,160,MT_BASE,I
CC_FREE__0nSzSw_1,FREE_STEP,10,IN1,I
CC_FREE__0nSzSw_1,FREE_STEP,20,IN2,I
CC_FREE__0nSzSw_1,FREE_STEP,30,IN3,I
CC_FREE__0nSzSw_1,FREE_STEP,40,IN4,I
CC_FREE__0nSzSw_1,FREE_STEP,120,CRIT,I
CC_FREE__0nSzSw_1,FREE_STEP,1000,CMD,O
CC_FREE__0nSzSw_1,FREE_STEP,1020,WT,O
CC_FREE__0nSzSw_1,FREE_STEP,1010,NEXT,O
CC_FREE__0nSzSw_1,FREE_STEP,1030,MT,O
CC_FREE__0nSzSw_1,FREE_STEP,1040,RTE,O
CC_FREE__0nSzSw_1,FREE_STEP,1050,R_WT,O
CC_FREE__0nSzSw_1,FREE_STEP,1060,R_MT,O
CC_GASFL_+N+7WQ_1,GASFLOW_UNI,50,DP,I
CC_GASFL_+N+7WQ_1,GASFLOW_UNI,10,P1,I
CC_GASFL_+N+7WQ_1,GASFLOW_UNI,30,T1,I
CC_GASFL_+N+7WQ_1,GASFLOW_UNI,20,M,I
CC_GASFL_+N+7WQ_1,GASFLOW_UNI,60,K,I
CC_GASFL_+N+7WQ_1,GASFLOW_UNI,40,Z,I
CC_GASFL_+N+7WQ_1,GASFLOW_UNI,190,DIAP,I
CC_GASFL_+N+7WQ_1,GASFLOW_UNI,200,DIAO,I
CC_GASFL_+N+7WQ_1,GASFLOW_UNI,110,MY1,I
CC_GASFL_+N+7WQ_1,GASFLOW_UNI,170,TYPE,I
CC_GASFL_+N+7WQ_1,GASFLOW_UNI,150,EU IMP,I
CC_GASFL_+N+7WQ_1,GASFLOW_UNI,70,kF,I
CC_GASFL_+N+7WQ_1,GASFLOW_UNI,210,ALPHA0,I
CC_GASFL_+N+7WQ_1,GASFLOW_UNI,230,ALPHA1,I
CC_GASFL_+N+7WQ_1,GASFLOW_UNI,240,ALPHA2,I
CC_GASFL_+N+7WQ_1,GASFLOW_UNI,250,ALPHA3,I
CC_GASFL_+N+7WQ_1,GASFLOW_UNI,80,FLOW,O
CC_GASFL_DCvKTQ_1,GASFLOW_B,100,dT0,I
CC_GASFL_DCvKTQ_1,GASFLOW_B,110,DT0,I
CC_GASFL_DCvKTQ_1,GASFLOW_B,120,T1,I
CC_GASFL_DCvKTQ_1,GASFLOW_B,10,BETA,O
CC_GASFL_DCvKTQ_1,GASFLOW_B,20,d,O
CC_GASFL_DCvKTQ_1,GASFLOW_B,30,D,O
CC_GASFL_DCvKTQ_1,GASFLOW_B,40,BETA2,O
CC_GASFL_DCvKTQ_1,GASFLOW_B,50,BETA4,O
CC_GASFL_DCvKTQ_1,GASFLOW_B,60,BETA8,O
CC_GASFL_DCvKTQ_1,GASFLOW_B,70,BETA1_3,O
CC_GASFL_DCvKTQ_1,GASFLOW_B,80,BETA3_5,O
CC_GASFL_DjfKTQ_1,GASFLOW_C,30,BETA,I
CC_GASFL_DjfKTQ_1,GASFLOW_C,20,RED,I
CC_GASFL_DjfKTQ_1,GASFLOW_C,110,D,I
CC_GASFL_DjfKTQ_1,GASFLOW_C,50,BETA2,I
CC_GASFL_DjfKTQ_1,GASFLOW_C,70,BETA4,I
CC_GASFL_DjfKTQ_1,GASFLOW_C,80,BETA8,I
CC_GASFL_DjfKTQ_1,GASFLOW_C,90,BETA1_3,I
CC_GASFL_DjfKTQ_1,GASFLOW_C,100,BETA3_5,I
CC_GASFL_DjfKTQ_1,GASFLOW_C,120,C,O
CC_GASFL_nPm/TQ_1,GASFLOW_Z,80,P1,I
CC_GASFL_nPm/TQ_1,GASFLOW_Z,90,PC,I
CC_GASFL_nPm/TQ_1,GASFLOW_Z,100,T1,I
CC_GASFL_nPm/TQ_1,GASFLOW_Z,110,TC,I
CC_GASFL_nPm/TQ_1,GASFLOW_Z,120,Z,O
CC_GASFL_NULKTQ_1,GASFLOW_R,10,FLOW,I
CC_GASFL_NULKTQ_1,GASFLOW_R,20,D,I
CC_GASFL_NULKTQ_1,GASFLOW_R,40,MY1,I
CC_GASFL_NULKTQ_1,GASFLOW_R,30,RED,O
CC_GASFL_NzzKTQ_1,GASFLOW_D,10,P1,I
CC_GASFL_NzzKTQ_1,GASFLOW_D,20,M,I
CC_GASFL_NzzKTQ_1,GASFLOW_D,30,T1,I
CC_GASFL_NzzKTQ_1,GASFLOW_D,40,Z,I
CC_GASFL_NzzKTQ_1,GASFLOW_D,50,DEN,O
CC_GASFL_RkDKTQ_1,GASFLOW_E,10,P1,I
CC_GASFL_RkDKTQ_1,GASFLOW_E,20,DP,I
CC_GASFL_RkDKTQ_1,GASFLOW_E,40,K,I
CC_GASFL_RkDKTQ_1,GASFLOW_E,50,BETA4,I
CC_GASFL_RkDKTQ_1,GASFLOW_E,60,BETA 8,I
CC_GASFL_RkDKTQ_1,GASFLOW_E,70,EPS,O
CC_HW_FB_dGZERg_1,HW_FB_FH,10,IN1.1,I
CC_HW_FB_dGZERg_1,HW_FB_FH,30,IN1.1 RED,I
CC_HW_FB_dGZERg_1,HW_FB_FH,50,IN1.2,I
CC_HW_FB_dGZERg_1,HW_FB_FH,70,IN1.2 RED,I
CC_HW_FB_dGZERg_1,HW_FB_FH,80,IN2.1,I
CC_HW_FB_dGZERg_1,HW_FB_FH,100,IN2.1 RED,I
CC_HW_FB_dGZERg_1,HW_FB_FH,120,IN2.2,I
CC_HW_FB_dGZERg_1,HW_FB_FH,130,IN2.2 RED,I
CC_HW_FB_dGZERg_1,HW_FB_FH,320,RESET,I
CC_HW_FB_dGZERg_1,HW_FB_FH,270,NO TEST LINE 1,I
CC_HW_FB_dGZERg_1,HW_FB_FH,280,NO TEST LINE 2,I
CC_HW_FB_dGZERg_1,HW_FB_FH,210,NO TRIP GRP 2,I
CC_HW_FB_dGZERg_1,HW_FB_FH,220,NO TRIP GRP 3,I
CC_HW_FB_dGZERg_1,HW_FB_FH,450,NO TRIP,O
CC_HW_FB_dGZERg_1,HW_FB_FH,260,TRIP,O
CC_HW_FB_dGZERg_1,HW_FB_FH,300,TRIP DY,O
CC_HW_FB_dGZERg_1,HW_FB_FH,330,RDDCY FLT,O
CC_HW_FB_dGZERg_1,HW_FB_FH,310,1 LINE TRIP,O
CC_HW_FB_dGZERg_1,HW_FB_FH,290,LINE DEV,O
CC_HW_FB_dGZERg_1,HW_FB_FH,200,NO COIN,O
CC_HW_FB_dGZERg_1,HW_FB_FH,230,NO TRIP GRP,O
CC_HW_FB_Iop1UA_1,HW_FB_2oo3,10,IN1,I
CC_HW_FB_Iop1UA_1,HW_FB_2oo3,20,IN2,I
CC_HW_FB_Iop1UA_1,HW_FB_2oo3,30,IN3,I
CC_HW_FB_Iop1UA_1,HW_FB_2oo3,60,TIME,I
CC_HW_FB_Iop1UA_1,HW_FB_2oo3,70,BASE,I
CC_HW_FB_Iop1UA_1,HW_FB_2oo3,180,NO TRIP GRP 2,I
CC_HW_FB_Iop1UA_1,HW_FB_2oo3,190,NO TRIP GRP 3,I
CC_HW_FB_Iop1UA_1,HW_FB_2oo3,200,NO TRIP,O
CC_HW_FB_Iop1UA_1,HW_FB_2oo3,210,TRIP,O
CC_HW_FB_Iop1UA_1,HW_FB_2oo3,220,TRIP DY,O
CC_HW_FB_Iop1UA_1,HW_FB_2oo3,230,RDDCY FLT,O
CC_HW_FB_Iop1UA_1,HW_FB_2oo3,240,NO TRIP GRP,O
CC_HW_FB_Iop1UA_1,HW_FB_MON,10,IN1,I
CC_HW_FB_Iop1UA_1,HW_FB_MON,20,IN2,I
CC_HW_FB_Iop1UA_1,HW_FB_MON,30,IN3,I
CC_HW_FB_Iop1UA_1,HW_FB_MON,270,N_IN,I
CC_HW_FB_Iop1UA_1,HW_FB_MON,60,TIME,I
CC_HW_FB_Iop1UA_1,HW_FB_MON,70,BASE,I
CC_HW_FB_Iop1UA_1,HW_FB_MON,180,NO TRIP GRP 2,I
CC_HW_FB_Iop1UA_1,HW_FB_MON,190,NO TRIP GRP 3,I
CC_HW_FB_Iop1UA_1,HW_FB_MON,200,NO TRIP,O
CC_HW_FB_Iop1UA_1,HW_FB_MON,210,TRIP,O
CC_HW_FB_Iop1UA_1,HW_FB_MON,220,TRIP DY,O
CC_HW_FB_Iop1UA_1,HW_FB_MON,230,RDDCY FLT,O
CC_HW_FB_Iop1UA_1,HW_FB_MON,240,NO TRIP GRP,O
CC_HW_FB_KiSBRg_1,HW_FB_F,10,IN1,I
CC_HW_FB_KiSBRg_1,HW_FB_F,20,IN1 RED,I
CC_HW_FB_KiSBRg_1,HW_FB_F,40,IN2,I
CC_HW_FB_KiSBRg_1,HW_FB_F,50,IN2 RED,I
CC_HW_FB_KiSBRg_1,HW_FB_F,60,RESET,I
CC_HW_FB_KiSBRg_1,HW_FB_F,150,NO TRIP GRP 2,I
CC_HW_FB_KiSBRg_1,HW_FB_F,90,NO TRIP,O
CC_HW_FB_KiSBRg_1,HW_FB_F,100,TRIP,O
CC_HW_FB_KiSBRg_1,HW_FB_F,110,TRIP DY,O
CC_HW_FB_KiSBRg_1,HW_FB_F,120,1 LINE TRIP,O
CC_HW_FB_KiSBRg_1,HW_FB_F,130,NO COIN,O
CC_HW_FB_KiSBRg_1,HW_FB_F,160,NO TRIP GRP,O
CC_INT01_6XLhRg_1,INT01,10,IN,I
CC_INT01_6XLhRg_1,INT01,220,TN,I
CC_INT01_6XLhRg_1,INT01,240,TRACKV,I
CC_INT01_6XLhRg_1,INT01,200,C_TRACK,I
CC_INT01_6XLhRg_1,INT01,260,EN_INC,I
CC_INT01_6XLhRg_1,INT01,270,EN_DEC,I
CC_INT01_6XLhRg_1,INT01,230,TS,I
CC_INT01_6XLhRg_1,INT01,140,OUT,O
CC_INT01_6XLhRg_1,INT01,250,TRBL_AL,O
CC_MAX_1_2GZERg_1,MAX_16,180,IN1,I
CC_MAX_1_2GZERg_1,MAX_16,190,IN2,I
CC_MAX_1_2GZERg_1,MAX_16,200,IN3,I
CC_MAX_1_2GZERg_1,MAX_16,210,IN4,I
CC_MAX_1_2GZERg_1,MAX_16,220,IN5,I
CC_MAX_1_2GZERg_1,MAX_16,230,IN6,I
CC_MAX_1_2GZERg_1,MAX_16,240,IN7,I
CC_MAX_1_2GZERg_1,MAX_16,250,IN8,I
CC_MAX_1_2GZERg_1,MAX_16,260,IN9,I
CC_MAX_1_2GZERg_1,MAX_16,270,IN10,I
CC_MAX_1_2GZERg_1,MAX_16,280,IN11,I
CC_MAX_1_2GZERg_1,MAX_16,290,IN12,I
CC_MAX_1_2GZERg_1,MAX_16,300,IN13,I
CC_MAX_1_2GZERg_1,MAX_16,310,IN14,I
CC_MAX_1_2GZERg_1,MAX_16,320,IN15,I
CC_MAX_1_2GZERg_1,MAX_16,330,IN16,I
CC_MAX_1_2GZERg_1,MAX_16,340,MAX,O
CC_MAX_1_32ZERg_1,MAX_16B,340,IN1,I
CC_MAX_1_32ZERg_1,MAX_16B,350,IN2,I
CC_MAX_1_32ZERg_1,MAX_16B,360,IN3,I
CC_MAX_1_32ZERg_1,MAX_16B,370,IN4,I
CC_MAX_1_32ZERg_1,MAX_16B,380,IN5,I
CC_MAX_1_32ZERg_1,MAX_16B,390,IN6,I
CC_MAX_1_32ZERg_1,MAX_16B,400,IN7,I
CC_MAX_1_32ZERg_1,MAX_16B,410,IN8,I
CC_MAX_1_32ZERg_1,MAX_16B,420,IN9,I
CC_MAX_1_32ZERg_1,MAX_16B,430,IN10,I
CC_MAX_1_32ZERg_1,MAX_16B,440,IN11,I
CC_MAX_1_32ZERg_1,MAX_16B,450,IN12,I
CC_MAX_1_32ZERg_1,MAX_16B,460,IN13,I
CC_MAX_1_32ZERg_1,MAX_16B,470,IN14,I
CC_MAX_1_32ZERg_1,MAX_16B,480,IN15,I
CC_MAX_1_32ZERg_1,MAX_16B,490,IN16,I
CC_MAX_1_32ZERg_1,MAX_16B,170,MAX,O
CC_MAX_1_32ZERg_1,MAX_16B,180,MAX1,O
CC_MAX_1_32ZERg_1,MAX_16B,190,MAX2,O
CC_MAX_1_32ZERg_1,MAX_16B,200,MAX3,O
CC_MAX_1_32ZERg_1,MAX_16B,210,MAX4,O
CC_MAX_1_32ZERg_1,MAX_16B,220,MAX5,O
CC_MAX_1_32ZERg_1,MAX_16B,230,MAX6,O
CC_MAX_1_32ZERg_1,MAX_16B,240,MAX7,O
CC_MAX_1_32ZERg_1,MAX_16B,250,MAX8,O
CC_MAX_1_32ZERg_1,MAX_16B,260,MAX9,O
CC_MAX_1_32ZERg_1,MAX_16B,270,MAX10,O
CC_MAX_1_32ZERg_1,MAX_16B,280,MAX11,O
CC_MAX_1_32ZERg_1,MAX_16B,290,MAX12,O
CC_MAX_1_32ZERg_1,MAX_16B,300,MAX13,O
CC_MAX_1_32ZERg_1,MAX_16B,310,MAX14,O
CC_MAX_1_32ZERg_1,MAX_16B,320,MAX15,O
CC_MAX_1_32ZERg_1,MAX_16B,330,MAX16,O
CC_MAX_4_e289TA_1,MAX_4B,100,IN1,I
CC_MAX_4_e289TA_1,MAX_4B,110,IN2,I
CC_MAX_4_e289TA_1,MAX_4B,120,IN3,I
CC_MAX_4_e289TA_1,MAX_4B,130,IN4,I
CC_MAX_4_e289TA_1,MAX_4B,50,MAX,O
CC_MAX_4_e289TA_1,MAX_4B,60,MAX1,O
CC_MAX_4_e289TA_1,MAX_4B,70,MAX2,O
CC_MAX_4_e289TA_1,MAX_4B,80,MAX3,O
CC_MAX_4_e289TA_1,MAX_4B,90,MAX4,O
CC_MAX_4_sUYvRg_1,MAX_4,80,IN1,I
CC_MAX_4_sUYvRg_1,MAX_4,90,IN2,I
CC_MAX_4_sUYvRg_1,MAX_4,100,IN3,I
CC_MAX_4_sUYvRg_1,MAX_4,110,IN4,I
CC_MAX_4_sUYvRg_1,MAX_4,120,MAX,O
CC_MAX_6_8DmNWw_0,MAX_6B,230,IN1,I
CC_MAX_6_8DmNWw_0,MAX_6B,250,IN2,I
CC_MAX_6_8DmNWw_0,MAX_6B,300,IN3,I
CC_MAX_6_8DmNWw_0,MAX_6B,270,IN4,I
CC_MAX_6_8DmNWw_0,MAX_6B,280,IN5,I
CC_MAX_6_8DmNWw_0,MAX_6B,290,IN6,I
CC_MAX_6_8DmNWw_0,MAX_6B,210,MAX,O
CC_MAX_6_8DmNWw_0,MAX_6B,10,MAX1,O
CC_MAX_6_8DmNWw_0,MAX_6B,20,MAX2,O
CC_MAX_6_8DmNWw_0,MAX_6B,30,MAX3,O
CC_MAX_6_8DmNWw_0,MAX_6B,40,MAX4,O
CC_MAX_6_8DmNWw_0,MAX_6B,50,MAX5,O
CC_MAX_6_8DmNWw_0,MAX_6B,220,MAX6,O
CC_MAX_6_BUYvRg_1,MAX_6,100,IN1,I
CC_MAX_6_BUYvRg_1,MAX_6,110,IN2,I
CC_MAX_6_BUYvRg_1,MAX_6,120,IN3,I
CC_MAX_6_BUYvRg_1,MAX_6,130,IN4,I
CC_MAX_6_BUYvRg_1,MAX_6,140,IN5,I
CC_MAX_6_BUYvRg_1,MAX_6,150,IN6,I
CC_MAX_6_BUYvRg_1,MAX_6,160,MAX,O
CC_MAX_8_W0UvRg_1,MAX_8,100,IN1,I
CC_MAX_8_W0UvRg_1,MAX_8,110,IN2,I
CC_MAX_8_W0UvRg_1,MAX_8,120,IN3,I
CC_MAX_8_W0UvRg_1,MAX_8,130,IN4,I
CC_MAX_8_W0UvRg_1,MAX_8,140,IN5,I
CC_MAX_8_W0UvRg_1,MAX_8,150,IN6,I
CC_MAX_8_W0UvRg_1,MAX_8,160,IN7,I
CC_MAX_8_W0UvRg_1,MAX_8,170,IN8,I
CC_MAX_8_W0UvRg_1,MAX_8,180,MAX,O
CC_MEDIA_mCK/VQ_1,MEDIAN_5,20,IN1,I
CC_MEDIA_mCK/VQ_1,MEDIAN_5,30,BL_IN1,I
CC_MEDIA_mCK/VQ_1,MEDIAN_5,40,IN2,I
CC_MEDIA_mCK/VQ_1,MEDIAN_5,50,BL_IN2,I
CC_MEDIA_mCK/VQ_1,MEDIAN_5,60,IN3,I
CC_MEDIA_mCK/VQ_1,MEDIAN_5,70,BL_IN3,I
CC_MEDIA_mCK/VQ_1,MEDIAN_5,80,IN4,I
CC_MEDIA_mCK/VQ_1,MEDIAN_5,90,BL_IN4,I
CC_MEDIA_mCK/VQ_1,MEDIAN_5,100,IN5,I
CC_MEDIA_mCK/VQ_1,MEDIAN_5,110,BL_IN5,I
CC_MEDIA_mCK/VQ_1,MEDIAN_5,10,MEDIAN,O
CC_MIN_1_6GZERg_1,MIN_16,180,IN1,I
CC_MIN_1_6GZERg_1,MIN_16,190,IN2,I
CC_MIN_1_6GZERg_1,MIN_16,200,IN3,I
CC_MIN_1_6GZERg_1,MIN_16,210,IN4,I
CC_MIN_1_6GZERg_1,MIN_16,220,IN5,I
CC_MIN_1_6GZERg_1,MIN_16,230,IN6,I
CC_MIN_1_6GZERg_1,MIN_16,240,IN7,I
CC_MIN_1_6GZERg_1,MIN_16,250,IN8,I
CC_MIN_1_6GZERg_1,MIN_16,260,IN9,I
CC_MIN_1_6GZERg_1,MIN_16,270,IN10,I
CC_MIN_1_6GZERg_1,MIN_16,280,IN11,I
CC_MIN_1_6GZERg_1,MIN_16,290,IN12,I
CC_MIN_1_6GZERg_1,MIN_16,300,IN13,I
CC_MIN_1_6GZERg_1,MIN_16,310,IN14,I
CC_MIN_1_6GZERg_1,MIN_16,320,IN15,I
CC_MIN_1_6GZERg_1,MIN_16,330,IN16,I
CC_MIN_1_6GZERg_1,MIN_16,340,MIN,O
CC_MIN_1_8WZERg_1,MIN_16B,340,IN1,I
CC_MIN_1_8WZERg_1,MIN_16B,350,IN2,I
CC_MIN_1_8WZERg_1,MIN_16B,360,IN3,I
CC_MIN_1_8WZERg_1,MIN_16B,370,IN4,I
CC_MIN_1_8WZERg_1,MIN_16B,380,IN5,I
CC_MIN_1_8WZERg_1,MIN_16B,390,IN6,I
CC_MIN_1_8WZERg_1,MIN_16B,400,IN7,I
CC_MIN_1_8WZERg_1,MIN_16B,410,IN8,I
CC_MIN_1_8WZERg_1,MIN_16B,420,IN9,I
CC_MIN_1_8WZERg_1,MIN_16B,430,IN10,I
CC_MIN_1_8WZERg_1,MIN_16B,440,IN11,I
CC_MIN_1_8WZERg_1,MIN_16B,450,IN12,I
CC_MIN_1_8WZERg_1,MIN_16B,460,IN13,I
CC_MIN_1_8WZERg_1,MIN_16B,470,IN14,I
CC_MIN_1_8WZERg_1,MIN_16B,480,IN15,I
CC_MIN_1_8WZERg_1,MIN_16B,490,IN16,I
CC_MIN_1_8WZERg_1,MIN_16B,170,MIN,O
CC_MIN_1_8WZERg_1,MIN_16B,180,MIN1,O
CC_MIN_1_8WZERg_1,MIN_16B,190,MIN2,O
CC_MIN_1_8WZERg_1,MIN_16B,200,MIN3,O
CC_MIN_1_8WZERg_1,MIN_16B,210,MIN4,O
CC_MIN_1_8WZERg_1,MIN_16B,220,MIN5,O
CC_MIN_1_8WZERg_1,MIN_16B,230,MIN6,O
CC_MIN_1_8WZERg_1,MIN_16B,240,MIN7,O
CC_MIN_1_8WZERg_1,MIN_16B,250,MIN8,O
CC_MIN_1_8WZERg_1,MIN_16B,260,MIN9,O
CC_MIN_1_8WZERg_1,MIN_16B,270,MIN10,O
CC_MIN_1_8WZERg_1,MIN_16B,280,MIN11,O
CC_MIN_1_8WZERg_1,MIN_16B,290,MIN12,O
CC_MIN_1_8WZERg_1,MIN_16B,300,MIN13,O
CC_MIN_1_8WZERg_1,MIN_16B,310,MIN14,O
CC_MIN_1_8WZERg_1,MIN_16B,320,MIN15,O
CC_MIN_1_8WZERg_1,MIN_16B,330,MIN16,O
CC_MIN_4_+WZERg_1,MIN_4B,60,IN1,I
CC_MIN_4_+WZERg_1,MIN_4B,70,IN2,I
CC_MIN_4_+WZERg_1,MIN_4B,80,IN3,I
CC_MIN_4_+WZERg_1,MIN_4B,90,IN4,I
CC_MIN_4_+WZERg_1,MIN_4B,10,MIN,O
CC_MIN_4_+WZERg_1,MIN_4B,20,MIN1,O
CC_MIN_4_+WZERg_1,MIN_4B,30,MIN2,O
CC_MIN_4_+WZERg_1,MIN_4B,40,MIN3,O
CC_MIN_4_+WZERg_1,MIN_4B,50,MIN4,O
CC_MIN_4_eD4vRg_1,MIN_4,10,IN1,I
CC_MIN_4_eD4vRg_1,MIN_4,20,IN2,I
CC_MIN_4_eD4vRg_1,MIN_4,90,IN3,I
CC_MIN_4_eD4vRg_1,MIN_4,100,IN4,I
CC_MIN_4_eD4vRg_1,MIN_4,110,MIN,O
CC_MIN_6_2E4vRg_1,MIN_6B,10,IN1,I
CC_MIN_6_2E4vRg_1,MIN_6B,20,IN2,I
CC_MIN_6_2E4vRg_1,MIN_6B,30,IN3,I
CC_MIN_6_2E4vRg_1,MIN_6B,40,IN4,I
CC_MIN_6_2E4vRg_1,MIN_6B,50,IN5,I
CC_MIN_6_2E4vRg_1,MIN_6B,60,IN6,I
CC_MIN_6_2E4vRg_1,MIN_6B,70,MIN,O
CC_MIN_6_2E4vRg_1,MIN_6B,80,MIN1,O
CC_MIN_6_2E4vRg_1,MIN_6B,90,MIN2,O
CC_MIN_6_2E4vRg_1,MIN_6B,100,MIN3,O
CC_MIN_6_2E4vRg_1,MIN_6B,110,MIN4,O
CC_MIN_6_2E4vRg_1,MIN_6B,120,MIN5,O
CC_MIN_6_2E4vRg_1,MIN_6B,130,MIN6,O
CC_MIN_6_aCVIRg_1,MIN_6,10,IN1,I
CC_MIN_6_aCVIRg_1,MIN_6,20,IN2,I
CC_MIN_6_aCVIRg_1,MIN_6,80,IN3,I
CC_MIN_6_aCVIRg_1,MIN_6,90,IN4,I
CC_MIN_6_aCVIRg_1,MIN_6,100,IN5,I
CC_MIN_6_aCVIRg_1,MIN_6,110,IN6,I
CC_MIN_6_aCVIRg_1,MIN_6,120,MIN,O
CC_MIN_8_AmdERg_1,MIN_8B,100,IN1,I
CC_MIN_8_AmdERg_1,MIN_8B,110,IN2,I
CC_MIN_8_AmdERg_1,MIN_8B,120,IN3,I
CC_MIN_8_AmdERg_1,MIN_8B,130,IN4,I
CC_MIN_8_AmdERg_1,MIN_8B,140,IN5,I
CC_MIN_8_AmdERg_1,MIN_8B,150,IN6,I
CC_MIN_8_AmdERg_1,MIN_8B,160,IN7,I
CC_MIN_8_AmdERg_1,MIN_8B,170,IN8,I
CC_MIN_8_AmdERg_1,MIN_8B,10,MIN,O
CC_MIN_8_AmdERg_1,MIN_8B,20,MIN1,O
CC_MIN_8_AmdERg_1,MIN_8B,30,MIN2,O
CC_MIN_8_AmdERg_1,MIN_8B,40,MIN3,O
CC_MIN_8_AmdERg_1,MIN_8B,50,MIN4,O
CC_MIN_8_AmdERg_1,MIN_8B,60,MIN5,O
CC_MIN_8_AmdERg_1,MIN_8B,70,MIN6,O
CC_MIN_8_AmdERg_1,MIN_8B,80,MIN7,O
CC_MIN_8_AmdERg_1,MIN_8B,90,MIN8,O
CC_MIN_8_r0AvRg_1,MIN_8,10,IN1,I
CC_MIN_8_r0AvRg_1,MIN_8,20,IN2,I
CC_MIN_8_r0AvRg_1,MIN_8,110,IN3,I
CC_MIN_8_r0AvRg_1,MIN_8,120,IN4,I
CC_MIN_8_r0AvRg_1,MIN_8,130,IN5,I
CC_MIN_8_r0AvRg_1,MIN_8,140,IN6,I
CC_MIN_8_r0AvRg_1,MIN_8,150,IN7,I
CC_MIN_8_r0AvRg_1,MIN_8,160,IN8,I
CC_MIN_8_r0AvRg_1,MIN_8,170,MIN,O
CC_MOV_A_4ICBWQ_0,MOV_AVER_5,10,IN,I
CC_MOV_A_4ICBWQ_0,MOV_AVER_5,20,OUT_1.2,O
CC_MOV_A_4ICBWQ_0,MOV_AVER_5,30,OUT_2.0,O
CC_MOV_A_4ICBWQ_0,MOV_AVER_5,40,OUT_3.2,O
CC_MOV_A_4ICBWQ_0,MOV_AVER_5,50,OUT_4.0,O
CC_MOV_A_4ICBWQ_0,MOV_AVER_5,60,OUT_5.2,O
CC_OR_16_ezRIRg_1,OR_16,10,IN1,I
CC_OR_16_ezRIRg_1,OR_16,20,IN2,I
CC_OR_16_ezRIRg_1,OR_16,30,IN3,I
CC_OR_16_ezRIRg_1,OR_16,40,IN4,I
CC_OR_16_ezRIRg_1,OR_16,50,IN5,I
CC_OR_16_ezRIRg_1,OR_16,60,IN6,I
CC_OR_16_ezRIRg_1,OR_16,70,IN7,I
CC_OR_16_ezRIRg_1,OR_16,80,IN8,I
CC_OR_16_ezRIRg_1,OR_16,90,IN9,I
CC_OR_16_ezRIRg_1,OR_16,100,IN10,I
CC_OR_16_ezRIRg_1,OR_16,110,IN11,I
CC_OR_16_ezRIRg_1,OR_16,120,IN12,I
CC_OR_16_ezRIRg_1,OR_16,130,IN13,I
CC_OR_16_ezRIRg_1,OR_16,140,IN14,I
CC_OR_16_ezRIRg_1,OR_16,150,IN15,I
CC_OR_16_ezRIRg_1,OR_16,160,IN16,I
CC_OR_16_ezRIRg_1,OR_16,170,OUT,O
CC_OR_24_CjVIRg_1,OR_24,10,IN1,I
CC_OR_24_CjVIRg_1,OR_24,20,IN2,I
CC_OR_24_CjVIRg_1,OR_24,30,IN3,I
CC_OR_24_CjVIRg_1,OR_24,40,IN4,I
CC_OR_24_CjVIRg_1,OR_24,50,IN5,I
CC_OR_24_CjVIRg_1,OR_24,60,IN6,I
CC_OR_24_CjVIRg_1,OR_24,70,IN7,I
CC_OR_24_CjVIRg_1,OR_24,80,IN8,I
CC_OR_24_CjVIRg_1,OR_24,90,IN9,I
CC_OR_24_CjVIRg_1,OR_24,100,IN10,I
CC_OR_24_CjVIRg_1,OR_24,110,IN11,I
CC_OR_24_CjVIRg_1,OR_24,120,IN12,I
CC_OR_24_CjVIRg_1,OR_24,130,IN13,I
CC_OR_24_CjVIRg_1,OR_24,140,IN14,I
CC_OR_24_CjVIRg_1,OR_24,150,IN15,I
CC_OR_24_CjVIRg_1,OR_24,160,IN16,I
CC_OR_24_CjVIRg_1,OR_24,170,IN17,I
CC_OR_24_CjVIRg_1,OR_24,180,IN18,I
CC_OR_24_CjVIRg_1,OR_24,190,IN19,I
CC_OR_24_CjVIRg_1,OR_24,200,IN20,I
CC_OR_24_CjVIRg_1,OR_24,210,IN21,I
CC_OR_24_CjVIRg_1,OR_24,220,IN22,I
CC_OR_24_CjVIRg_1,OR_24,230,IN23,I
CC_OR_24_CjVIRg_1,OR_24,240,IN24,I
CC_OR_24_CjVIRg_1,OR_24,330,OUT,O
CC_OR_32_jjVIRg_1,OR_32,10,IN1,I
CC_OR_32_jjVIRg_1,OR_32,20,IN2,I
CC_OR_32_jjVIRg_1,OR_32,30,IN3,I
CC_OR_32_jjVIRg_1,OR_32,40,IN4,I
CC_OR_32_jjVIRg_1,OR_32,50,IN5,I
CC_OR_32_jjVIRg_1,OR_32,60,IN6,I
CC_OR_32_jjVIRg_1,OR_32,70,IN7,I
CC_OR_32_jjVIRg_1,OR_32,80,IN8,I
CC_OR_32_jjVIRg_1,OR_32,90,IN9,I
CC_OR_32_jjVIRg_1,OR_32,100,IN10,I
CC_OR_32_jjVIRg_1,OR_32,110,IN11,I
CC_OR_32_jjVIRg_1,OR_32,120,IN12,I
CC_OR_32_jjVIRg_1,OR_32,130,IN13,I
CC_OR_32_jjVIRg_1,OR_32,140,IN14,I
CC_OR_32_jjVIRg_1,OR_32,150,IN15,I
CC_OR_32_jjVIRg_1,OR_32,160,IN16,I
CC_OR_32_jjVIRg_1,OR_32,170,IN17,I
CC_OR_32_jjVIRg_1,OR_32,180,IN18,I
CC_OR_32_jjVIRg_1,OR_32,190,IN19,I
CC_OR_32_jjVIRg_1,OR_32,200,IN20,I
CC_OR_32_jjVIRg_1,OR_32,210,IN21,I
CC_OR_32_jjVIRg_1,OR_32,220,IN22,I
CC_OR_32_jjVIRg_1,OR_32,230,IN23,I
CC_OR_32_jjVIRg_1,OR_32,240,IN24,I
CC_OR_32_jjVIRg_1,OR_32,250,IN25,I
CC_OR_32_jjVIRg_1,OR_32,260,IN26,I
CC_OR_32_jjVIRg_1,OR_32,270,IN27,I
CC_OR_32_jjVIRg_1,OR_32,280,IN28,I
CC_OR_32_jjVIRg_1,OR_32,290,IN29,I
CC_OR_32_jjVIRg_1,OR_32,300,IN30,I
CC_OR_32_jjVIRg_1,OR_32,310,IN31,I
CC_OR_32_jjVIRg_1,OR_32,320,IN32,I
CC_OR_32_jjVIRg_1,OR_32,330,OUT,O
CC_PB_VL_dPwdUQ_1,PB_VLV_MOD,10,IN0,I
CC_PB_VL_dPwdUQ_1,PB_VLV_MOD,20,IN1,I
CC_PB_VL_dPwdUQ_1,PB_VLV_MOD,30,IN2,I
CC_PB_VL_dPwdUQ_1,PB_VLV_MOD,40,IN3,I
CC_PB_VL_dPwdUQ_1,PB_VLV_MOD,50,IN4,I
CC_PB_VL_dPwdUQ_1,PB_VLV_MOD,60,IN5,I
CC_PB_VL_dPwdUQ_1,PB_VLV_MOD,70,IN6,I
CC_PB_VL_dPwdUQ_1,PB_VLV_MOD,80,IN7,I
CC_PB_VL_dPwdUQ_1,PB_VLV_MOD,170,BAD,I
CC_PB_VL_dPwdUQ_1,PB_VLV_MOD,90,1 N RDY,O
CC_PB_VL_dPwdUQ_1,PB_VLV_MOD,100,2 N RDY,O
CC_PB_VL_dPwdUQ_1,PB_VLV_MOD,110,3 N RDY,O
CC_PB_VL_dPwdUQ_1,PB_VLV_MOD,120,MOD FLT,O
CC_PB_VL_dPwdUQ_1,PB_VLV_MOD,130,1 CMD,O
CC_PB_VL_dPwdUQ_1,PB_VLV_MOD,140,2 CMD,O
CC_PB_VL_dPwdUQ_1,PB_VLV_MOD,150,3 CMD,O
CC_PB_VL_dPwdUQ_1,PB_VLV_MOD,160,MOD ACCS,O
CC_PIR___4s0ZTA_1,PIR,10,W,I
CC_PIR___4s0ZTA_1,PIR,20,X,I
CC_PIR___4s0ZTA_1,PIR,270,XDU,I
CC_PIR___4s0ZTA_1,PIR,280,XDL,I
CC_PIR___4s0ZTA_1,PIR,50,XP,I
CC_PIR___4s0ZTA_1,PIR,290,POL,I
CC_PIR___4s0ZTA_1,PIR,70,KP,I
CC_PIR___4s0ZTA_1,PIR,300,YU,I
CC_PIR___4s0ZTA_1,PIR,310,YL,I
CC_PIR___4s0ZTA_1,PIR,100,SV,I
CC_PIR___4s0ZTA_1,PIR,110,SVY,I
CC_PIR___4s0ZTA_1,PIR,120,XDK,I
CC_PIR___4s0ZTA_1,PIR,320,DU,I
CC_PIR___4s0ZTA_1,PIR,330,DL,I
CC_PIR___4s0ZTA_1,PIR,150,SPR,I
CC_PIR___4s0ZTA_1,PIR,160,TN,I
CC_PIR___4s0ZTA_1,PIR,260,S,I
CC_PIR___4s0ZTA_1,PIR,180,SY,I
CC_PIR___4s0ZTA_1,PIR,190,SB,I
CC_PIR___4s0ZTA_1,PIR,200,Y,O
CC_PIR___4s0ZTA_1,PIR,210,W1,O
CC_PIR___4s0ZTA_1,PIR,350,XD,O
CC_PIR___4s0ZTA_1,PIR,230,YP,O
CC_PIR___4s0ZTA_1,PIR,360,YI,O
CC_PIR___4s0ZTA_1,PIR,250,DY,O
CC_POLYN_dvaySw_1,POLYNOM_3,10,IN,I
CC_POLYN_dvaySw_1,POLYNOM_3,20,A0,I
CC_POLYN_dvaySw_1,POLYNOM_3,30,A1,I
CC_POLYN_dvaySw_1,POLYNOM_3,40,A2,I
CC_POLYN_dvaySw_1,POLYNOM_3,50,A3,I
CC_POLYN_dvaySw_1,POLYNOM_3,820,NEXT,I
CC_POLYN_dvaySw_1,POLYNOM_3,1000,OUT,O
CC_POLYN_dvaySw_1,POLYNOM_3,810,PREV,O
CC_POLYN_IgKzSw_1,POLYNOM_5,10,IN,I
CC_POLYN_IgKzSw_1,POLYNOM_5,20,A0,I
CC_POLYN_IgKzSw_1,POLYNOM_5,30,A1,I
CC_POLYN_IgKzSw_1,POLYNOM_5,40,A2,I
CC_POLYN_IgKzSw_1,POLYNOM_5,50,A3,I
CC_POLYN_IgKzSw_1,POLYNOM_5,60,A4,I
CC_POLYN_IgKzSw_1,POLYNOM_5,70,A5,I
CC_POLYN_IgKzSw_1,POLYNOM_5,820,NEXT,I
CC_POLYN_IgKzSw_1,POLYNOM_5,1000,OUT,O
CC_POLYN_IgKzSw_1,POLYNOM_5,810,PREV,O
CC_PROT__CWdERg_1,PROT_2,40,FLT1,I
CC_PROT__CWdERg_1,PROT_2,50,FAIL1,I
CC_PROT__CWdERg_1,PROT_2,10,WARN1,I
CC_PROT__CWdERg_1,PROT_2,90,ACTD1,I
CC_PROT__CWdERg_1,PROT_2,70,FLT2,I
CC_PROT__CWdERg_1,PROT_2,80,FAIL2,I
CC_PROT__CWdERg_1,PROT_2,20,WARN2,I
CC_PROT__CWdERg_1,PROT_2,60,ACTD2,I
CC_PROT__CWdERg_1,PROT_2,30,WARN,O
CC_PROT__CWdERg_1,PROT_2,100,ACTD,O
CC_PROT__EGdERg_1,PROT_3,10,FLT1,I
CC_PROT__EGdERg_1,PROT_3,90,WARN1,I
CC_PROT__EGdERg_1,PROT_3,60,ACTD1,I
CC_PROT__EGdERg_1,PROT_3,20,FLT2,I
CC_PROT__EGdERg_1,PROT_3,100,WARN2,I
CC_PROT__EGdERg_1,PROT_3,70,ACTD2,I
CC_PROT__EGdERg_1,PROT_3,30,FLT3,I
CC_PROT__EGdERg_1,PROT_3,110,WARN3,I
CC_PROT__EGdERg_1,PROT_3,80,ACTD3,I
CC_PROT__EGdERg_1,PROT_3,50,WARN,O
CC_PROT__EGdERg_1,PROT_3,40,ACTD,O
CC_RAK___lgEaTA_1,RAK,330,X1,I
CC_RAK___lgEaTA_1,RAK,340,X2,I
CC_RAK___lgEaTA_1,RAK,350,X3,I
CC_RAK___lgEaTA_1,RAK,360,X4,I
CC_RAK___lgEaTA_1,RAK,370,X5,I
CC_RAK___lgEaTA_1,RAK,380,X6,I
CC_RAK___lgEaTA_1,RAK,390,X7,I
CC_RAK___lgEaTA_1,RAK,400,X8,I
CC_RAK___lgEaTA_1,RAK,410,LB,I
CC_RAK___lgEaTA_1,RAK,420,Y,O
CC_RAK___lgEaTA_1,RAK,430,Q1,O
CC_RAK___lgEaTA_1,RAK,440,Q11,O
CC_RAK___lgEaTA_1,RAK,460,Q12,O
CC_RAK___lgEaTA_1,RAK,470,Q2,O
CC_RAK___lgEaTA_1,RAK,480,Q3,O
CC_RAK___lgEaTA_1,RAK,490,Q4,O
CC_RAK___lgEaTA_1,RAK,500,Q5,O
CC_RAK___lgEaTA_1,RAK,510,Q6,O
CC_RAK___lgEaTA_1,RAK,520,Q7,O
CC_RAK___lgEaTA_1,RAK,530,Q8,O
CC_RED_3_aK0sWw_0,RED_3I32_1F,330,IN1,I
CC_RED_3_aK0sWw_0,RED_3I32_1F,340,IN1_BAD,I
CC_RED_3_aK0sWw_0,RED_3I32_1F,350,IN2,I
CC_RED_3_aK0sWw_0,RED_3I32_1F,360,IN2_BAD,I
CC_RED_3_aK0sWw_0,RED_3I32_1F,370,IN3,I
CC_RED_3_aK0sWw_0,RED_3I32_1F,380,IN3_BAD,I
CC_RED_3_aK0sWw_0,RED_3I32_1F,110,SUB_V,I
CC_RED_3_aK0sWw_0,RED_3I32_1F,300,DSV MAX,I
CC_RED_3_aK0sWw_0,RED_3I32_1F,220,OUT,O
CC_RED_3_aK0sWw_0,RED_3I32_1F,250,1 OFL,O
CC_RED_3_aK0sWw_0,RED_3I32_1F,270,2 OFL,O
CC_RED_3_aK0sWw_0,RED_3I32_1F,290,3 OFL,O
CC_RED_I_fBApWw_0,RED_3I16_16B,1510,IN1,I
CC_RED_I_fBApWw_0,RED_3I16_16B,1820,IN1_BAD,I
CC_RED_I_fBApWw_0,RED_3I16_16B,1520,IN2,I
CC_RED_I_fBApWw_0,RED_3I16_16B,1830,IN2_BAD,I
CC_RED_I_fBApWw_0,RED_3I16_16B,1530,IN3,I
CC_RED_I_fBApWw_0,RED_3I16_16B,1840,IN3_BAD,I
CC_RED_I_fBApWw_0,RED_3I16_16B,1930,1oo2_00,I
CC_RED_I_fBApWw_0,RED_3I16_16B,1940,1oo2_01,I
CC_RED_I_fBApWw_0,RED_3I16_16B,1950,1oo2_02,I
CC_RED_I_fBApWw_0,RED_3I16_16B,1960,1oo2_03,I
CC_RED_I_fBApWw_0,RED_3I16_16B,1970,1oo2_04,I
CC_RED_I_fBApWw_0,RED_3I16_16B,1980,1oo2_05,I
CC_RED_I_fBApWw_0,RED_3I16_16B,1990,1oo2_06,I
CC_RED_I_fBApWw_0,RED_3I16_16B,2000,1oo2_07,I
CC_RED_I_fBApWw_0,RED_3I16_16B,2010,1oo2_08,I
CC_RED_I_fBApWw_0,RED_3I16_16B,2020,1oo2_09,I
CC_RED_I_fBApWw_0,RED_3I16_16B,2030,1oo2_10,I
CC_RED_I_fBApWw_0,RED_3I16_16B,2040,1oo2_11,I
CC_RED_I_fBApWw_0,RED_3I16_16B,2050,1oo2_12,I
CC_RED_I_fBApWw_0,RED_3I16_16B,2060,1oo2_13,I
CC_RED_I_fBApWw_0,RED_3I16_16B,2070,1oo2_14,I
CC_RED_I_fBApWw_0,RED_3I16_16B,2080,1oo2_15,I
CC_RED_I_fBApWw_0,RED_3I16_16B,2090,OUT_00,O
CC_RED_I_fBApWw_0,RED_3I16_16B,2100,OUT_01,O
CC_RED_I_fBApWw_0,RED_3I16_16B,2110,OUT_02,O
CC_RED_I_fBApWw_0,RED_3I16_16B,2120,OUT_03,O
CC_RED_I_fBApWw_0,RED_3I16_16B,2130,OUT_04,O
CC_RED_I_fBApWw_0,RED_3I16_16B,2140,OUT_05,O
CC_RED_I_fBApWw_0,RED_3I16_16B,2150,OUT_06,O
CC_RED_I_fBApWw_0,RED_3I16_16B,2160,OUT_07,O
CC_RED_I_fBApWw_0,RED_3I16_16B,2170,OUT_08,O
CC_RED_I_fBApWw_0,RED_3I16_16B,2180,OUT_09,O
CC_RED_I_fBApWw_0,RED_3I16_16B,2190,OUT_10,O
CC_RED_I_fBApWw_0,RED_3I16_16B,2200,OUT_11,O
CC_RED_I_fBApWw_0,RED_3I16_16B,2210,OUT_12,O
CC_RED_I_fBApWw_0,RED_3I16_16B,2220,OUT_13,O
CC_RED_I_fBApWw_0,RED_3I16_16B,2230,OUT_14,O
CC_RED_I_fBApWw_0,RED_3I16_16B,2240,OUT_15,O
CC_RED_I_fBApWw_1,RED_3I8_8B,1510,IN1,I
CC_RED_I_fBApWw_1,RED_3I8_8B,1820,IN1_BAD,I
CC_RED_I_fBApWw_1,RED_3I8_8B,1520,IN2,I
CC_RED_I_fBApWw_1,RED_3I8_8B,1830,IN2_BAD,I
CC_RED_I_fBApWw_1,RED_3I8_8B,1530,IN3,I
CC_RED_I_fBApWw_1,RED_3I8_8B,1840,IN3_BAD,I
CC_RED_I_fBApWw_1,RED_3I8_8B,1930,1oo2_00,I
CC_RED_I_fBApWw_1,RED_3I8_8B,1940,1oo2_01,I
CC_RED_I_fBApWw_1,RED_3I8_8B,1950,1oo2_02,I
CC_RED_I_fBApWw_1,RED_3I8_8B,1960,1oo2_03,I
CC_RED_I_fBApWw_1,RED_3I8_8B,1970,1oo2_04,I
CC_RED_I_fBApWw_1,RED_3I8_8B,1980,1oo2_05,I
CC_RED_I_fBApWw_1,RED_3I8_8B,1990,1oo2_06,I
CC_RED_I_fBApWw_1,RED_3I8_8B,2000,1oo2_07,I
CC_RED_I_fBApWw_1,RED_3I8_8B,2090,OUT_00,O
CC_RED_I_fBApWw_1,RED_3I8_8B,2100,OUT_01,O
CC_RED_I_fBApWw_1,RED_3I8_8B,2110,OUT_02,O
CC_RED_I_fBApWw_1,RED_3I8_8B,2120,OUT_03,O
CC_RED_I_fBApWw_1,RED_3I8_8B,2130,OUT_04,O
CC_RED_I_fBApWw_1,RED_3I8_8B,2140,OUT_05,O
CC_RED_I_fBApWw_1,RED_3I8_8B,2150,OUT_06,O
CC_RED_I_fBApWw_1,RED_3I8_8B,2160,OUT_07,O
CC_ROL_A_+ZxrUw_2,MOV_AVER,10,IN,I
CC_ROL_A_+ZxrUw_2,MOV_AVER,30,TS,I
CC_ROL_A_+ZxrUw_2,MOV_AVER,40,OUT_05,O
CC_ROL_A_+ZxrUw_2,MOV_AVER,50,OUT_10,O
CC_ROL_A_+ZxrUw_2,MOV_AVER,60,OUT_15,O
CC_ROL_A_+ZxrUw_2,MOV_AVER,70,OUT_20,O
CC_SEL_A_mdxKRg_0,SEL_AVER_4,10,IN1,I
CC_SEL_A_mdxKRg_0,SEL_AVER_4,20,FLT1,I
CC_SEL_A_mdxKRg_0,SEL_AVER_4,30,IN2,I
CC_SEL_A_mdxKRg_0,SEL_AVER_4,40,FLT2,I
CC_SEL_A_mdxKRg_0,SEL_AVER_4,50,IN3,I
CC_SEL_A_mdxKRg_0,SEL_AVER_4,60,FLT3,I
CC_SEL_A_mdxKRg_0,SEL_AVER_4,70,IN4,I
CC_SEL_A_mdxKRg_0,SEL_AVER_4,80,FLT4,I
CC_SEL_A_mdxKRg_0,SEL_AVER_4,610,DEV_DB,I
CC_SEL_A_mdxKRg_0,SEL_AVER_4,100,DEV_RELS,I
CC_SEL_A_mdxKRg_0,SEL_AVER_4,110,RR_UP,I
CC_SEL_A_mdxKRg_0,SEL_AVER_4,120,RR_DOWN,I
CC_SEL_A_mdxKRg_0,SEL_AVER_4,130,R_BASE,I
CC_SEL_A_mdxKRg_0,SEL_AVER_4,140,N1,I
CC_SEL_A_mdxKRg_0,SEL_AVER_4,150,N2,I
CC_SEL_A_mdxKRg_0,SEL_AVER_4,550,AV_INI,I
CC_SEL_A_mdxKRg_0,SEL_AVER_4,300,AV_OUT,O
CC_SEL_A_mdxKRg_0,SEL_AVER_4,170,R_OUT,O
CC_SEL_A_mdxKRg_0,SEL_AVER_4,270,N=0,O
CC_SEL_A_mdxKRg_0,SEL_AVER_4,280,N<N1,O
CC_SEL_A_mdxKRg_0,SEL_AVER_4,290,N<N2,O
CC_SEL_A_mdxKRg_0,SEL_AVER_4,230,DEV_AL1,O
CC_SEL_A_mdxKRg_0,SEL_AVER_4,240,DEV_AL2,O
CC_SEL_A_mdxKRg_0,SEL_AVER_4,250,DEV_AL3,O
CC_SEL_A_mdxKRg_0,SEL_AVER_4,260,DEV_AL4,O
CC_SPIKE_9k1ATA_1,SPIKE_R,10,IN,I
CC_SPIKE_9k1ATA_1,SPIKE_R,40,SD_LEVEL,I
CC_SPIKE_9k1ATA_1,SPIKE_R,80,REF,I
CC_SPIKE_9k1ATA_1,SPIKE_R,130,REF_FLT,I
CC_SPIKE_9k1ATA_1,SPIKE_R,120,DB,I
CC_SPIKE_9k1ATA_1,SPIKE_R,90,T_RST,I
CC_SPIKE_9k1ATA_1,SPIKE_R,100,Q_OK,O
CC_SPIKE_9k1ATA_1,SPIKE_R,110,SPIKE_AL,O
CC_SPIKE_B05ATA_1,SPIKE_S,10,IN,I
CC_SPIKE_B05ATA_1,SPIKE_S,80,SD_LEVEL,I
CC_SPIKE_B05ATA_1,SPIKE_S,90,T_SR,I
CC_SPIKE_B05ATA_1,SPIKE_S,100,EN_SR,I
CC_SPIKE_B05ATA_1,SPIKE_S,110,EXT_RST,I
CC_SPIKE_B05ATA_1,SPIKE_S,120,Q_OK,O
CC_SPIKE_B05ATA_1,SPIKE_S,130,SPIKE_AL,O
CC_TIXFR_YFqLTQ_1,TIXFR,30,NO,I
CC_TIXFR_YFqLTQ_1,TIXFR,20,YES,I
CC_TIXFR_YFqLTQ_1,TIXFR,10,SEL,I
CC_TIXFR_YFqLTQ_1,TIXFR,40,RATE,I
CC_TIXFR_YFqLTQ_1,TIXFR,50,OUT,O
